Year,Decade,Country,Region,Disaster_Type,Total_Deaths,Has_Deaths
2008,2000,Japon,Asia,Earthquake,1.0,True
1977,1970,Iran (Islamic Republic Of),Asia,Earthquake,589.0,True
1922,1920,Chile,Americas,Earthquake,1000.0,True
1982,1980,Peru,Americas,Earthquake,3.0,True
2005,2000,Peru,Americas,Earthquake,5.0,True
2006,2000,Bulgaria,Europe,Extreme Temperature,18.0,True
1911,1910,Iran (Islamic Republic Of),Asia,Earthquake,700.0,True
1979,1970,Indonesia,Asia,Earthquake,5.0,True
1994,1990,Indonesia,Asia,Earthquake,239.0,True
1941,1940,Türkiye,Asia,Earthquake,430.0,True
1928,1920,Indonesia,Asia,Earthquake,128.0,True
1967,1960,Colombia,Americas,Earthquake,20.0,True
1994,1990,Russian Federation,Europe,Earthquake,11.0,True
1943,1940,Indonesia,Asia,Earthquake,213.0,True
2023,2020,Iran (Islamic Republic Of),Asia,Earthquake,0.0,False
1996,1990,Afghanistan,Asia,Flood,70.0,True
1990,1990,Fiji,Oceania,Earthquake,0.0,False
1981,1980,Iran (Islamic Republic Of),Asia,Earthquake,2000.0,True
1965,1960,Greece,Europe,Earthquake,38.0,True
1983,1980,Philippines,Asia,Earthquake,19.0,True
2003,2000,China,Asia,Earthquake,1.0,True
2004,2000,China,Asia,Earthquake,0.0,False
2004,2000,United Republic Of Tanzania,Africa,Earthquake,10.0,True
2015,2010,China,Asia,Earthquake,0.0,False
1978,1970,Greece,Europe,Earthquake,50.0,True
1991,1990,Romania,Europe,Earthquake,0.0,False
1963,1960,Belgium,Europe,Extreme Temperature,12.0,True
1979,1970,Indonesia,Asia,Earthquake,32.0,True
1997,1990,Kyrgyzstan,Asia,Earthquake,0.0,False
1992,1990,Pakistan,Asia,Earthquake,4.0,True
1982,1980,Albania,Europe,Earthquake,1.0,True
2014,2010,Chine,Asia,Earthquake,731.0,True
2014,2010,Canada,Americas,Extreme Temperature,0.0,False
1995,1990,Ecuador,Americas,Earthquake,1.0,True
2005,2000,Indonesia,Asia,Earthquake,915.0,True
1983,1980,Chile,Americas,Earthquake,4.0,True
2013,2010,Peru,Americas,Earthquake,0.0,False
2008,2000,Tajikistan,Asia,Extreme Temperature,0.0,False
1954,1950,Phillipines,Asia,Earthquake,13.0,True
2009,2000,Indonésie,Asia,Earthquake,128.0,True
2000,2000,Iceland,Europe,Earthquake,0.0,False
2011,2010,Pakistan,Asia,Earthquake,2.0,True
2007,2000,United Kingdom Of Great Britain And Northern Ireland,Europe,Earthquake,0.0,False
2001,2000,Indonesia,Asia,Earthquake,0.0,False
2023,2020,Türkiye,Asia,Earthquake,1.0,True
1982,1980,Mexico,Americas,Earthquake,10.0,True
1945,1940,Japan,Asia,Earthquake,2306.0,True
2013,2010,Colombia,Americas,Earthquake,0.0,False
2012,2010,China,Asia,Earthquake,4.0,True
2018,2010,El Salvador,Americas,Earthquake,0.0,False
2014,2010,Japan,Asia,Earthquake,0.0,False
2009,2000,Italy,Europe,Extreme Temperature,0.0,False
1955,1950,Egypt,Africa,Earthquake,20.0,True
1997,1990,United States,Americas,Wildfire,0.0,False
2008,2000,Inde,Asia,Extreme Temperature,70.0,True
1991,1990,Costa Rica,Americas,Earthquake,47.0,True
1982,1980,Indonésie,Asia,Earthquake,0.0,False
2023,2020,Afghanistan,Asia,Extreme Temperature,166.0,True
2012,2010,Indonesia,Asia,Earthquake,7.0,True
1992,1990,Colombia,Americas,Earthquake,11.0,True
2016,2010,Indonesia,Asia,Earthquake,0.0,False
2001,2000,China,Asia,Earthquake,2.0,True
2008,2000,Rwanda,Africa,Earthquake,36.0,True
1957,1950,Mexico,Americas,Earthquake,160.0,True
2006,2000,Russian Federation,Europe,Extreme Temperature,116.0,True
1990,1990,Greece,Europe,Earthquake,0.0,False
1997,1990,Kazakhstan,Asia,Extreme Temperature,0.0,False
2019,2010,Bangladesh,Asia,Extreme Temperature,50.0,True
1997,1990,Russian Federation,Europe,Extreme Temperature,22.0,True
2004,2000,Morocco,Africa,Earthquake,628.0,True
1979,1970,Colombia,Americas,Earthquake,579.0,True
2011,2010,Mexico,Americas,Earthquake,2.0,True
2001,2000,Peru,Americas,Earthquake,4.0,True
1924,1920,Ecuador,Americas,Earthquake,40.0,True
1964,1960,United States,Americas,Earthquake,131.0,True
1968,1960,Indonesia,Asia,Earthquake,200.0,True
2002,2000,Egypt,Africa,Earthquake,0.0,False
1967,1960,Indonesia,Asia,Earthquake,14.0,True
1911,1910,Kazakhstan,Asia,Earthquake,450.0,True
2015,2010,Kyrgyzstan,Asia,Earthquake,-0.0,False
2015,2010,Pakistan,Asia,Earthquake,3.0,True
1960,1960,Iran (Islamic Republic Of),Asia,Earthquake,480.0,True
2020,2020,Puerto Rico,Americas,Earthquake,0.0,False
2004,2000,Japan,Asia,Earthquake,40.0,True
1960,1960,Chile,Americas,Earthquake,6000.0,True
2015,2010,Peoples Republic Of China,Asia,Earthquake,1.0,True
1997,1990,Germany,Europe,Extreme Temperature,30.0,True
1984,1980,Indonesia,Asia,Earthquake,2.0,True
1953,1950,Chile,Americas,Earthquake,3.0,True
2016,2010,Republic Of Korea,Asia,Earthquake,0.0,False
2004,2000,India,Asia,Earthquake,16389.0,True
1953,1950,Türkiye,Asia,Earthquake,1200.0,True
1967,1960,Mexico,Americas,Storm,77.0,True
2001,2000,Papua New Guinea,Oceania,Earthquake,0.0,False
1939,1930,Türkiye,Asia,Earthquake,13.0,True
1995,1990,Venezuela (Bolivarian Republic Of),Americas,Epidemic,0.0,False
1964,1960,Azores Islands,Europe,Earthquake,0.0,False
2001,2000,Afghanistan,Asia,Extreme Temperature,150.0,True
2004,2000,Brazil,Americas,Storm,4.0,True
1966,1960,Uganda,Africa,Earthquake,104.0,True
1936,1930,China,Asia,Earthquake,0.0,False
2023,2020,Türkiye,Asia,Earthquake,6.0,True
2003,2000,China,Asia,Earthquake,1.0,True
2000,2000,Indonésie,Asia,Earthquake,0.0,False
1986,1980,United States,Americas,Earthquake,0.0,False
1999,1990,Iran (Islamic Republic Of),Asia,Earthquake,0.0,False
2001,2000,Afghanistan,Asia,Earthquake,4.0,True
1913,1910,Peru,Americas,Earthquake,150.0,True
1991,1990,Soviet Union,Europe,Earthquake,0.0,False
2002,2000,Tajikistan,Asia,Earthquake,0.0,False
2013,2010,Tajikistan,Asia,Extreme Temperature,0.0,False
2013,2010,Poland,Europe,Extreme Temperature,25.0,True
1989,1980,China,Asia,Earthquake,8.0,True
1958,1950,Iran (Islamic Republic Of),Asia,Earthquake,191.0,True
1999,1990,France,Europe,Flood,0.0,False
1999,1990,Bangladesh,Asia,Earthquake,6.0,True
1949,1940,China,Asia,Earthquake,21.0,True
1977,1970,Iran (Islamic Republic Of),Asia,Earthquake,352.0,True
2001,2000,El Salvador,Americas,Earthquake,844.0,True
1941,1940,Türkiye,Asia,Earthquake,15.0,True
1931,1930,Nicaragua,Americas,Earthquake,1000.0,True
1938,1930,Indonesia,Asia,Earthquake,0.0,False
2015,2010,China,Asia,Earthquake,29.0,True
1994,1990,United States,Americas,Earthquake,0.0,False
1985,1980,Argentina,Americas,Earthquake,6.0,True
2011,2010,Spain,Europe,Earthquake,10.0,True
2015,2010,Colombia,Americas,Earthquake,0.0,False
2001,2000,Russian Federation,Europe,Extreme Temperature,332.0,True
1983,1980,United States,Americas,Earthquake,0.0,False
1995,1990,Russian Federation,Europe,Earthquake,1989.0,True
2004,2000,Indonesia,Asia,Earthquake,1.0,True
1968,1960,Mexico,Americas,Earthquake,15.0,True
1992,1990,Algeria,Africa,Earthquake,0.0,False
2006,2000,Indonesia,Asia,Earthquake,3.0,True
1982,1980,Chine,Asia,Earthquake,10.0,True
1998,1990,Poland,Europe,Flood,9.0,True
1986,1980,Pakistan,Asia,Earthquake,0.0,False
1977,1970,Indonesia,Asia,Earthquake,185.0,True
1915,1910,China,Asia,Earthquake,170.0,True
1918,1910,China,Asia,Earthquake,10000.0,True
2004,2000,Myanmar,Asia,Earthquake,71.0,True
1986,1980,India,Asia,Earthquake,6.0,True
1995,1990,Myanmar,Asia,Flood,51.0,True
2014,2010,Iran (Islamic Republic Of),Asia,Earthquake,0.0,False
1911,1910,Mexico,Americas,Earthquake,45.0,True
1998,1990,Papua New Guinea,Oceania,Earthquake,2182.0,True
1991,1990,Peru,Americas,Earthquake,53.0,True
1997,1990,Democratic People'S Republic Of Korea,Asia,Flood,0.0,False
1978,1970,Japan,Asia,Earthquake,28.0,True
2001,2000,Kazakhstan,Asia,Extreme Temperature,3.0,True
2001,2000,Japan,Asia,Earthquake,2.0,True
1987,1980,Algeria,Africa,Earthquake,1.0,True
1968,1960,Nicaragua,Americas,Earthquake,0.0,False
2010,2010,Afghanistan,Asia,Earthquake,11.0,True
2004,2000,Seychelles,Africa,Earthquake,3.0,True
1994,1990,United Republic Of Tanzania,Africa,Flood,31.0,True
2023,2020,China,Asia,Earthquake,0.0,False
2007,2000,Uruguay,Americas,Extreme Temperature,0.0,False
2015,2010,Democratic Republic Of The Congo,Africa,Earthquake,3.0,True
2004,2000,Indonesia,Asia,Earthquake,5.0,True
2022,2020,Ecuador,Americas,Earthquake,1.0,True
1986,1980,Brazil,Americas,Earthquake,1.0,True
1991,1990,China,Asia,Earthquake,1.0,True
1987,1980,Chile,Americas,Earthquake,5.0,True
2011,2010,Tajikistan,Asia,Earthquake,0.0,False
1942,1940,Türkiye,Asia,Earthquake,16.0,True
1995,1990,China,Asia,Earthquake,14.0,True
2024,2020,Cuba,Americas,Earthquake,0.0,False
2003,2000,Japan,Asia,Earthquake,0.0,False
1924,1920,Türkiye,Asia,Earthquake,60.0,True
2018,2010,Bangladesh,Asia,Extreme Temperature,34.0,True
1935,1930,Taiwan (Province Of China),Asia,Earthquake,3276.0,True
1969,1960,Peoples Republic Of China,Asia,Earthquake,3000.0,True
1994,1990,Russian Federation,Europe,Extreme Temperature,42.0,True
2023,2020,Iran (Islamic Republic Of),Asia,Earthquake,3.0,True
2010,2010,Taiwan (Province Of China),Asia,Earthquake,0.0,False
1970,1970,Papua New Guinea,Oceania,Earthquake,15.0,True
1941,1940,Myanmar,Asia,Earthquake,15.0,True
1993,1990,Wallis And Futuna Islands,Oceania,Earthquake,5.0,True
2008,2000,China,Asia,Earthquake,6.0,True
1951,1950,China,Asia,Earthquake,0.0,False
1981,1980,Greece,Europe,Earthquake,22.0,True
1941,1940,China,Asia,Earthquake,15.0,True
2016,2010,Japan,Asia,Earthquake,0.0,False
2021,2020,Iran (Islamic Republic Of),Asia,Earthquake,0.0,False
2017,2010,Philippines,Asia,Earthquake,8.0,True
2008,2000,Iran (Islamic Republic Of),Asia,Earthquake,6000.0,True
1911,1910,Japan,Asia,Earthquake,12.0,True
2009,2000,Georgia,Asia,Earthquake,0.0,False
2000,2000,Bolivia (Plurinational State Of),Americas,Extreme Temperature,6.0,True
2011,2010,Japon,Asia,Earthquake,2.0,True
1977,1970,Türkiye,Asia,Earthquake,30.0,True
1999,1990,Togo,Africa,Flood,0.0,False
2014,2010,United States,Americas,Earthquake,1.0,True
1994,1990,Indonesia,Asia,Earthquake,1.0,True
2012,2010,Azerbaijan,Asia,Earthquake,0.0,False
1985,1980,Chile,Americas,Earthquake,180.0,True
1985,1980,Philippines,Asia,Earthquake,2.0,True
2006,2000,Serbia Montenegro,Europe,Extreme Temperature,3.0,True
1964,1960,Mexico,Americas,Earthquake,45.0,True
1973,1970,Mexico,Americas,Earthquake,56.0,True
2015,2010,Tajikistan,Asia,Earthquake,2.0,True
2009,2000,Indonesia,Asia,Earthquake,2.0,True
1981,1980,China,Asia,Earthquake,150.0,True
2013,2010,India,Asia,Earthquake,3.0,True
2000,2000,Indonésie,Asia,Earthquake,0.0,False
2010,2010,Poland,Europe,Extreme Temperature,200.0,True
1972,1970,Pakistan,Asia,Earthquake,100.0,True
1970,1970,Peru,Americas,Earthquake,29.0,True
2010,2010,Türkiye,Asia,Earthquake,51.0,True
1997,1990,China,Asia,Earthquake,12.0,True
1990,1990,Philippines,Asia,Earthquake,4.0,True
1923,1920,China,Asia,Earthquake,5000.0,True
1999,1990,Thailand,Asia,Flood,0.0,False
1981,1980,Philippines,Asia,Storm,250.0,True
2013,2010,Iran (Islamic Republic Of),Asia,Earthquake,0.0,False
1999,1990,Taiwan (Province Of China),Asia,Earthquake,1.0,True
2003,2000,Panama,Americas,Earthquake,2.0,True
2006,2000,Iran (Islamic Republic Of),Asia,Earthquake,63.0,True
2017,2010,Greece,Europe,Earthquake,2.0,True
1930,1930,Albania,Europe,Earthquake,35.0,True
1976,1970,Indonésie,Asia,Earthquake,420.0,True
2005,2000,Croatia,Europe,Extreme Temperature,5.0,True
1994,1990,Japan,Asia,Earthquake,2.0,True
1946,1940,Taiwan (Province Of China),Asia,Earthquake,58.0,True
2019,2010,Türkiye,Asia,Earthquake,1.0,True
2024,2020,Vanuatu,Oceania,Earthquake,14.0,True
2003,2000,China,Asia,Earthquake,0.0,False
2016,2010,Japan,Asia,Earthquake,9.0,True
1997,1990,Armenia,Asia,Earthquake,0.0,False
1951,1950,Nicaragua,Americas,Earthquake,500.0,True
1905,1900,Italy,Europe,Earthquake,557.0,True
2015,2010,China,Asia,Earthquake,0.0,False
1994,1990,Japon,Asia,Earthquake,5.0,True
2000,2000,Azerbaijan,Asia,Earthquake,31.0,True
2008,2000,Kyrgyzstan,Asia,Earthquake,0.0,False
1901,1900,Japon,Asia,Earthquake,18.0,True
2005,2000,Italy,Europe,Extreme Temperature,9.0,True
1997,1990,Iran (Islamic Republic Of),Asia,Earthquake,0.0,False
2009,2000,Peru,Americas,Extreme Temperature,274.0,True
2000,2000,Argentina,Americas,Extreme Temperature,15.0,True
1935,1930,China,Asia,Earthquake,100.0,True
1990,1990,China,Asia,Earthquake,1.0,True
1949,1940,Türkiye,Asia,Earthquake,320.0,True
2023,2020,Japan,Asia,Earthquake,1.0,True
2010,2010,Chile,Americas,Earthquake,562.0,True
2010,2010,Iran (Islamic Republic Of),Asia,Earthquake,7.0,True
2005,2000,Peru,Americas,Earthquake,0.0,False
2019,2010,Indonesia,Asia,Earthquake,8.0,True
2005,2000,South Africa,Africa,Earthquake,2.0,True
1980,1980,Venezuela (Bolivarian Republic Of),Americas,Earthquake,0.0,False
1986,1980,Peru,Americas,Earthquake,1.0,True
1992,1990,United States,Americas,Earthquake,1.0,True
1949,1940,Ecuador,Americas,Earthquake,6000.0,True
1942,1940,Türkiye,Asia,Earthquake,3000.0,True
2012,2010,Indonesia,Asia,Earthquake,6.0,True
2016,2010,Japan,Asia,Earthquake,49.0,True
2017,2010,Mexico,Americas,Earthquake,98.0,True
2003,2000,Mexico,Americas,Earthquake,29.0,True
2023,2020,Nepal,Asia,Earthquake,1.0,True
1983,1980,United States,Americas,Earthquake,2.0,True
2020,2020,Türkiye,Asia,Earthquake,0.0,False
1972,1970,Nicaragua,Americas,Earthquake,10000.0,True
1914,1910,Japan,Asia,Earthquake,94.0,True
2021,2020,Iran (Islamic Republic Of),Asia,Earthquake,1.0,True
2008,2000,Poland,Europe,Extreme Temperature,82.0,True
2000,2000,Uruguay,Americas,Extreme Temperature,7.0,True
2009,2000,Indonesia,Asia,Earthquake,1195.0,True
1988,1980,China,Asia,Earthquake,0.0,False
2012,2010,Bulgaria,Europe,Extreme Temperature,3.0,True
2012,2010,Bulgaria,Europe,Earthquake,0.0,False
1999,1990,Algeria,Africa,Earthquake,22.0,True
2020,2020,State Of Palestine,Asia,Extreme Temperature,3.0,True
2006,2000,Indonesia,Asia,Earthquake,8.0,True
1999,1990,Spain,Europe,Earthquake,0.0,False
1997,1990,Mexico,Americas,Extreme Temperature,205.0,True
2000,2000,China,Asia,Earthquake,0.0,False
2014,2010,Belarus,Europe,Extreme Temperature,2.0,True
1956,1950,Lebanon,Asia,Earthquake,136.0,True
1989,1980,Malawi,Africa,Earthquake,9.0,True
1991,1990,Panama,Americas,Earthquake,0.0,False
2009,2000,Honduras,Americas,Earthquake,7.0,True
1969,1960,Portugal,Europe,Earthquake,2.0,True
1997,1990,China,Asia,Earthquake,9.0,True
2023,2020,Morocco,Africa,Earthquake,2946.0,True
1996,1990,Peru,Americas,Earthquake,14.0,True
1950,1950,Venezuela (Bolivarian Republic Of),Americas,Earthquake,100.0,True
2003,2000,Kazakhstan,Asia,Earthquake,3.0,True
2007,2000,Indonesia,Asia,Earthquake,0.0,False
1996,1990,Greece,Europe,Earthquake,0.0,False
1903,1900,Israel,Asia,Earthquake,20.0,True
1917,1910,Indonesia,Asia,Earthquake,15000.0,True
1910,1910,Taiwan (Province Of China),Asia,Earthquake,60.0,True
1990,1990,Sudan,Africa,Earthquake,0.0,False
2011,2010,Türkiye,Asia,Earthquake,604.0,True
1986,1980,Indonesia,Asia,Flood,77.0,True
1987,1980,United States,Americas,Storm,35.0,True
2020,2020,Croatia,Europe,Earthquake,8.0,True
2017,2010,China,Asia,Earthquake,0.0,False
1976,1970,Ecuador,Americas,Earthquake,10.0,True
2018,2010,Japan,Asia,Earthquake,5.0,True
1990,1990,Soviet Union,Europe,Earthquake,1.0,True
1924,1920,China,Asia,Earthquake,100.0,True
1998,1990,Türkiye,Asia,Earthquake,0.0,False
1999,1990,Russian Federation,Europe,Earthquake,1.0,True
1936,1930,Peoples Republic Of China,Asia,Earthquake,115.0,True
1992,1990,Indonésie,Asia,Earthquake,0.0,False
1971,1970,Chile,Americas,Earthquake,85.0,True
2019,2010,Japan,Asia,Earthquake,0.0,False
1997,1990,China,Asia,Earthquake,2.0,True
2004,2000,Türkiye,Asia,Extreme Temperature,10.0,True
2010,2010,China,Asia,Earthquake,0.0,False
1905,1900,Japan,Asia,Earthquake,11.0,True
2018,2010,Indonesia,Asia,Earthquake,14.0,True
2016,2010,North Macedonia,Europe,Earthquake,0.0,False
2010,2010,Haiti,Americas,Earthquake,222570.0,True
2007,2000,Brazil,Americas,Earthquake,1.0,True
2005,2000,Indonesia,Asia,Earthquake,1.0,True
1939,1930,Ghana,Africa,Earthquake,22.0,True
1904,1900,Greece,Europe,Earthquake,4.0,True
1933,1930,Japan,Asia,Earthquake,3000.0,True
1967,1960,Algeria,Africa,Earthquake,10.0,True
2012,2010,Guatemala,Americas,Earthquake,44.0,True
1971,1970,Türkiye,Asia,Earthquake,878.0,True
2005,2000,Pakistan,Asia,Earthquake,73338.0,True
2000,2000,China,Asia,Earthquake,1.0,True
2005,2000,Democratic Republic Of The Congo,Africa,Earthquake,6.0,True
1950,1950,Peru,Americas,Earthquake,83.0,True
1914,1910,Türkiye,Asia,Earthquake,4000.0,True
1995,1990,Antigua And Barbuda,Americas,Storm,2.0,True
1994,1990,Australia,Oceania,Earthquake,0.0,False
2023,2020,France,Europe,Earthquake,0.0,False
1995,1990,Mexico,Americas,Earthquake,6.0,True
1988,1980,Bangladesh,Asia,Earthquake,2.0,True
2016,2010,China,Asia,Earthquake,1.0,True
1943,1940,Türkiye,Asia,Earthquake,285.0,True
1994,1990,Colombia,Americas,Earthquake,271.0,True
1999,1990,China,Asia,Wildfire,23.0,True
1952,1950,China,Asia,Earthquake,54.0,True
2007,2000,Romania,Europe,Flood,0.0,False
2002,2000,Pakistan,Asia,Earthquake,19.0,True
1940,1940,U.S.A.,Americas,Earthquake,9.0,True
2019,2010,Chile,Americas,Earthquake,2.0,True
1990,1990,Costa Rica,Americas,Earthquake,1.0,True
1995,1990,Colombia,Americas,Earthquake,8.0,True
2021,2020,Peoples Republic Of China,Asia,Earthquake,0.0,False
2011,2010,Nepal,Asia,Earthquake,7.0,True
1982,1980,Honduras,Americas,Earthquake,0.0,False
2002,2000,Iran (Islamic Republic Of),Asia,Earthquake,0.0,False
2025,2020,Ethiopia,Africa,Earthquake,2.0,True
1976,1970,New Zealand,Oceania,Earthquake,0.0,False
2003,2000,China,Asia,Earthquake,4.0,True
2017,2010,Chad,Africa,Epidemic,58.0,True
2002,2000,Italy,Europe,Earthquake,2.0,True
2014,2010,China,Asia,Earthquake,0.0,False
2020,2020,Greece,Europe,Earthquake,2.0,True
2018,2010,Papua New Guinea,Oceania,Earthquake,145.0,True
1995,1990,Japon,Asia,Earthquake,5297.0,True
1995,1990,China,Asia,Earthquake,46.0,True
2001,2000,China,Asia,Earthquake,0.0,False
2006,2000,Iran (Islamic Republic Of),Asia,Earthquake,0.0,False
2006,2000,Indonesia,Asia,Earthquake,1000.0,True
1986,1980,Venezuela (Bolivarian Republic Of),Americas,Earthquake,2.0,True
2020,2020,Algeria,Africa,Earthquake,0.0,False
2021,2020,Indonesia,Asia,Earthquake,9.0,True
1999,1990,Vanuatu,Oceania,Earthquake,12.0,True
1974,1970,Colombia,Americas,Earthquake,11.0,True
2019,2010,Bosnia And Herzegovina,Europe,Flood,0.0,False
1940,1940,Romania,Europe,Earthquake,980.0,True
1992,1990,Uzbekistan,Asia,Earthquake,9.0,True
1994,1990,Bolivia (Plurinational State Of),Americas,Earthquake,5.0,True
2011,2010,New Zealand,Oceania,Earthquake,181.0,True
1959,1950,Mexico,Americas,Earthquake,25.0,True
1969,1960,South Africa,Africa,Earthquake,9.0,True
1930,1930,China,Asia,Earthquake,42.0,True
2009,2000,Malawi,Africa,Earthquake,1.0,True
2011,2010,Guatemala,Americas,Earthquake,3.0,True
2019,2010,United States,Americas,Earthquake,0.0,False
2013,2010,China,Asia,Earthquake,0.0,False
2019,2010,Albania,Europe,Earthquake,0.0,False
2004,2000,Peru,Americas,Extreme Temperature,90.0,True
2005,2000,India,Asia,Extreme Temperature,180.0,True
2011,2010,India,Asia,Extreme Temperature,80.0,True
1993,1990,Sudan,Africa,Earthquake,3.0,True
1904,1900,Taiwan (Province Of China),Asia,Earthquake,145.0,True
1976,1970,Indonesia,Asia,Earthquake,133.0,True
1993,1990,Greece,Europe,Earthquake,0.0,False
1995,1990,Japan,Asia,Earthquake,0.0,False
2014,2010,Türkiye,Asia,Earthquake,0.0,False
1990,1990,Kenya,Africa,Earthquake,0.0,False
1952,1950,Türkiye,Asia,Earthquake,20.0,True
2003,2000,Iran (Islamic Republic Of),Asia,Earthquake,0.0,False
1992,1990,Democratic Republic Of The Congo,Africa,Earthquake,9.0,True
1968,1960,Iran (Islamic Republic Of),Asia,Earthquake,700.0,True
2012,2010,Lithuania,Europe,Extreme Temperature,24.0,True
2013,2010,Pakistan,Asia,Earthquake,399.0,True
1962,1960,Colombia,Americas,Earthquake,47.0,True
2009,2000,Bhutan,Asia,Earthquake,11.0,True
2009,2000,Ukraine,Europe,Extreme Temperature,5.0,True
1994,1990,Iran (Islamic Republic Of),Asia,Earthquake,9.0,True
2019,2010,Indonesia,Asia,Earthquake,6.0,True
2000,2000,Iran (Islamic Republic Of),Asia,Earthquake,0.0,False
2000,2000,Indonesia,Asia,Earthquake,1.0,True
2008,2000,Bulgaria,Europe,Extreme Temperature,10.0,True
1992,1990,United States,Americas,Earthquake,0.0,False
1991,1990,Pakistan,Asia,Earthquake,300.0,True
1987,1980,Ecuador,Americas,Earthquake,2.0,True
2012,2010,Afghanistan,Asia,Extreme Temperature,45.0,True
2012,2010,Russian Federation,Europe,Extreme Temperature,64.0,True
2022,2020,Afghanistan,Asia,Earthquake,1036.0,True
1986,1980,Iran (Islamic Republic Of),Asia,Earthquake,0.0,False
1977,1970,Phillippines,Asia,Earthquake,1.0,True
2013,2010,China,Asia,Earthquake,0.0,False
1939,1930,Türkiye,Asia,Earthquake,32962.0,True
1977,1970,Tonga,Oceania,Earthquake,1.0,True
1902,1900,Soviet Union,Europe,Earthquake,4562.0,True
2002,2000,Russian Federation,Europe,Extreme Temperature,242.0,True
1989,1980,United States,Americas,Earthquake,62.0,True
2001,2000,Latvia,Europe,Extreme Temperature,21.0,True
1952,1950,Türkiye,Asia,Earthquake,103.0,True
1983,1980,Afghanistan,Asia,Earthquake,12.0,True
1994,1990,China,Asia,Earthquake,0.0,False
2008,2000,China,Asia,Earthquake,40.0,True
2003,2000,Latvia,Europe,Extreme Temperature,15.0,True
2000,2000,Türkiye,Asia,Wildfire,0.0,False
2002,2000,Argentina,Americas,Earthquake,0.0,False
2020,2020,China,Asia,Earthquake,4.0,True
2015,2010,Peru,Americas,Extreme Temperature,21.0,True
2021,2020,China,Asia,Earthquake,3.0,True
1990,1990,Vanuatu,Oceania,Earthquake,0.0,False
2022,2020,Mexico,Americas,Earthquake,2.0,True
1981,1980,Italy,Europe,Earthquake,12.0,True
2006,2000,Chine,Asia,Earthquake,22.0,True
1916,1910,Taiwan (Province Of China),Asia,Earthquake,1.0,True
2004,2000,Pakistan,Asia,Earthquake,24.0,True
2015,2010,Pakistan,Asia,Earthquake,280.0,True
1978,1970,Türkiye,Asia,Earthquake,0.0,False
1991,1990,Soviet Union,Europe,Earthquake,1.0,True
2007,2000,Honduras,Americas,Earthquake,0.0,False
2002,2000,Nepal,Asia,Extreme Temperature,60.0,True
1959,1950,Japan,Asia,Flood,41.0,True
2019,2010,Indonésie,Asia,Earthquake,31.0,True
1929,1920,Iran (Islamic Republic Of),Asia,Earthquake,3253.0,True
2011,2010,Bangladesh,Asia,Extreme Temperature,12.0,True
2001,2000,Argentina,Americas,Extreme Temperature,14.0,True
2004,2000,Sri Lanka,Asia,Earthquake,35399.0,True
2023,2020,Philippines,Asia,Earthquake,3.0,True
2023,2020,Indonesia,Asia,Earthquake,1.0,True
1938,1930,Türkiye,Asia,Earthquake,149.0,True
1987,1980,Papua  New  Guinea,Oceania,Earthquake,1.0,True
1992,1990,Belgium,Europe,Earthquake,0.0,False
2010,2010,India,Asia,Extreme Temperature,100.0,True
1997,1990,India,Asia,Flood,400.0,True
1975,1970,Türkiye,Asia,Earthquake,2385.0,True
2005,2000,Afghanistan,Asia,Earthquake,1.0,True
1973,1970,Mexico,Americas,Earthquake,500.0,True
2001,2000,Mali,Africa,Flood,2.0,True
2019,2010,Mongolia,Asia,Extreme Temperature,0.0,False
1945,1940,Pakistan,Asia,Earthquake,4000.0,True
2017,2010,Mexico,Americas,Earthquake,369.0,True
2009,2000,Afghanistan,Asia,Earthquake,22.0,True
2006,2000,China,Asia,Earthquake,0.0,False
1948,1940,Greece,Europe,Earthquake,2.0,True
1977,1970,Bulgaria,Europe,Earthquake,20.0,True
2021,2020,Indonesia,Asia,Earthquake,0.0,False
1948,1940,Philippines,Asia,Earthquake,72.0,True
1968,1960,Iran (Islamic Republic Of),Asia,Earthquake,38.0,True
1966,1960,Türkiye,Asia,Earthquake,2394.0,True
2016,2010,China,Asia,Earthquake,2.0,True
2025,2020,China,Asia,Earthquake,0.0,False
2004,2000,China,Asia,Earthquake,0.0,False
2002,2000,Georgia,Asia,Earthquake,6.0,True
2004,2000,Türkiye,Asia,Earthquake,18.0,True
1981,1980,Greece,Europe,Earthquake,2.0,True
2018,2010,Indonesia,Asia,Earthquake,1.0,True
1955,1950,Philippines,Asia,Earthquake,400.0,True
1999,1990,China,Asia,Earthquake,0.0,False
2002,2000,Vanuatu,Oceania,Earthquake,0.0,False
2018,2010,Peru,Americas,Earthquake,2.0,True
1999,1990,Türkiye,Asia,Earthquake,845.0,True
2023,2020,Tajikistan,Asia,Earthquake,0.0,False
1984,1980,Indonesia,Asia,Earthquake,0.0,False
2012,2010,Tajikistan,Asia,Extreme Temperature,1.0,True
2003,2000,Bangladesh,Asia,Earthquake,2.0,True
1998,1990,Afghanistan,Asia,Earthquake,0.0,False
1993,1990,India,Asia,Earthquake,0.0,False
2017,2010,Iran (Islamic Republic Of),Asia,Earthquake,444.0,True
2008,2000,Pakistan,Asia,Earthquake,166.0,True
2022,2020,Peru,Americas,Earthquake,0.0,False
1933,1930,China,Asia,Earthquake,200.0,True
1977,1970,Romania,Europe,Earthquake,1641.0,True
2019,2010,Indonésie,Asia,Earthquake,0.0,False
2017,2010,Guatemala,Americas,Earthquake,0.0,False
2004,2000,Türkiye,Asia,Earthquake,9.0,True
2011,2010,Kyrgyzstan,Asia,Earthquake,0.0,False
1987,1980,Ecuador,Americas,Earthquake,5000.0,True
2003,2000,China,Asia,Earthquake,3.0,True
2003,2000,China,Asia,Earthquake,0.0,False
2016,2010,Ecuador,Americas,Earthquake,672.0,True
2004,2000,Iran (Islamic Republic Of),Asia,Earthquake,35.0,True
1958,1950,Colombia,Americas,Earthquake,111.0,True
2009,2000,Romania,Europe,Extreme Temperature,43.0,True
1992,1990,China,Asia,Earthquake,0.0,False
1994,1990,Indonesia,Asia,Earthquake,207.0,True
2004,2000,Algeria,Africa,Earthquake,0.0,False
1913,1910,Indonesia,Asia,Earthquake,138.0,True
1927,1920,Japan,Asia,Earthquake,3022.0,True
2009,2000,Bosnia And Herzegovina,Europe,Extreme Temperature,1.0,True
2008,2000,China,Asia,Earthquake,87476.0,True
1999,1990,Türkiye,Asia,Earthquake,6.0,True
1988,1980,Soviet Union,Europe,Earthquake,25000.0,True
2005,2000,United States,Americas,Storm,5.0,True
2005,2000,China,Asia,Earthquake,0.0,False
2005,2000,Papua New Guinea,Oceania,Earthquake,1.0,True
1993,1990,Inde,Asia,Earthquake,9748.0,True
2024,2020,Iran (Islamic Republic Of),Asia,Earthquake,4.0,True
1932,1930,Indonesia,Asia,Earthquake,6.0,True
1995,1990,Colombia,Americas,Earthquake,40.0,True
2023,2020,Philipines,Asia,Earthquake,11.0,True
1990,1990,Indonesia,Asia,Earthquake,1.0,True
2018,2010,China,Asia,Earthquake,0.0,False
1928,1920,Canada,Americas,Earthquake,27.0,True
2016,2010,Thailand,Asia,Extreme Temperature,14.0,True
1979,1970,China,Asia,Earthquake,42.0,True
1982,1980,Japan,Asia,Earthquake,110.0,True
1905,1900,Japan,Asia,Earthquake,41.0,True
2013,2010,Peoples Republic Of China,Asia,Earthquake,0.0,False
1998,1990,Poland,Europe,Extreme Temperature,64.0,True
2011,2010,China,Asia,Earthquake,0.0,False
1994,1990,Philippines,Asia,Earthquake,81.0,True
1905,1900,India,Asia,Earthquake,20000.0,True
2000,2000,Paraguay,Americas,Extreme Temperature,8.0,True
2017,2010,Türkiye,Asia,Earthquake,0.0,False
2011,2010,China,Asia,Earthquake,0.0,False
1964,1960,Türkiye,Asia,Earthquake,23.0,True
1925,1920,Japon,Asia,Earthquake,395.0,True
2014,2010,Guatemala,Americas,Earthquake,1.0,True
1972,1970,Italy,Europe,Earthquake,2.0,True
2016,2010,Poland,Europe,Extreme Temperature,21.0,True
2002,2000,India,Asia,Earthquake,2.0,True
1967,1960,Greece,Europe,Earthquake,9.0,True
1993,1990,Iran (Islamic Republic Of),Asia,Earthquake,0.0,False
2004,2000,Indonesia,Asia,Earthquake,37.0,True
1995,1990,Indonesia,Asia,Earthquake,0.0,False
1979,1970,Türkiye,Asia,Earthquake,0.0,False
2010,2010,Solomon Islands,Oceania,Earthquake,0.0,False
1933,1930,China,Asia,Earthquake,10000.0,True
2004,2000,Peoples Republic Of China,Asia,Earthquake,0.0,False
1966,1960,Greece,Europe,Earthquake,1.0,True
2021,2020,United States,Americas,Storm,0.0,False
1987,1980,Iran (Islamic Republic Of),Asia,Earthquake,2.0,True
2015,2010,Bangladesh,Asia,Earthquake,4.0,True
2012,2010,Switzerland,Europe,Extreme Temperature,0.0,False
1980,1980,Iran (Islamic Republic Of),Asia,Earthquake,20.0,True
1991,1990,Myanmar,Asia,Earthquake,0.0,False
1969,1960,Iran (Islamic Republic Of),Asia,Earthquake,50.0,True
1979,1970,Peru,Americas,Earthquake,13.0,True
1969,1960,Peru,Americas,Earthquake,150.0,True
1935,1930,Iran (Islamic Republic Of),Asia,Earthquake,60.0,True
1995,1990,China,Asia,Earthquake,11.0,True
1909,1900,France,Europe,Earthquake,46.0,True
1973,1970,Costa Rica,Americas,Earthquake,21.0,True
2024,2020,Afghanistan,Asia,Extreme Temperature,1197.0,True
1909,1900,Portugal,Europe,Earthquake,30.0,True
1991,1990,Afghanistan,Asia,Earthquake,130.0,True
2014,2010,China,Asia,Earthquake,0.0,False
1991,1990,Panama,Americas,Earthquake,30.0,True
2024,2020,Indonesia,Asia,Earthquake,1.0,True
2009,2000,American Samoa,Oceania,Earthquake,34.0,True
1990,1990,United States,Americas,Extreme Temperature,0.0,False
1997,1990,Trinidad And Tobago,Americas,Earthquake,0.0,False
2003,2000,Panama,Americas,Earthquake,0.0,False
2016,2010,Peru,Americas,Earthquake,1.0,True
1944,1940,Türkiye,Asia,Earthquake,21.0,True
2003,2000,Iran (Islamic Republic Of),Asia,Earthquake,0.0,False
1979,1970,Indonesia,Asia,Earthquake,26.0,True
1983,1980,Iran (Islamic Republic Of),Asia,Earthquake,3.0,True
1989,1980,Algeria,Africa,Earthquake,22.0,True
2003,2000,Iran (Islamic Republic Of),Asia,Earthquake,0.0,False
1999,1990,Greece,Europe,Earthquake,143.0,True
1969,1960,Morocco,Africa,Earthquake,11.0,True
1931,1930,Peoples Republic Of China,Asia,Earthquake,10000.0,True
2001,2000,China,Asia,Earthquake,1.0,True
1992,1990,Georgia,Asia,Earthquake,1.0,True
2025,2020,Nepal,Asia,Earthquake,0.0,False
2017,2010,Iran (Islamic Republic Of),Asia,Earthquake,2.0,True
1946,1940,United  States  Of  America,Americas,Earthquake,165.0,True
2007,2000,Colombia,Americas,Earthquake,0.0,False
2023,2020,Indonesia,Asia,Earthquake,1.0,True
1942,1940,Albania,Europe,Earthquake,43.0,True
1944,1940,Japan,Asia,Earthquake,1223.0,True
2013,2010,Afghanistan,Asia,Earthquake,18.0,True
2002,2000,Bangladesh,Asia,Extreme Temperature,700.0,True
2015,2010,Nepal,Asia,Earthquake,138.0,True
1995,1990,Cyprus,Asia,Earthquake,2.0,True
1993,1990,Papua New Guinea,Oceania,Earthquake,53.0,True
2005,2000,India,Asia,Earthquake,1309.0,True
2021,2020,Mexico,Americas,Earthquake,3.0,True
2019,2010,Philippines,Asia,Earthquake,14.0,True
2013,2010,Iran (Islamic Republic Of),Asia,Earthquake,37.0,True
1998,1990,Nicaragua,Americas,Earthquake,0.0,False
1957,1950,Iran (Islamic Republic Of),Asia,Earthquake,3000.0,True
1941,1940,Taiwan (Province Of China),Asia,Earthquake,319.0,True
2011,2010,Bangladesh,Asia,Extreme Temperature,50.0,True
2011,2010,Mexico,Americas,Extreme Temperature,3.0,True
2007,2000,Indonesia,Asia,Earthquake,3.0,True
2019,2010,Philipines,Asia,Earthquake,23.0,True
1993,1990,Greece,Europe,Earthquake,1.0,True
1906,1900,Taiwan (Province Of China),Asia,Earthquake,1258.0,True
1902,1900,Soviet Union,Europe,Earthquake,86.0,True
1990,1990,Bulgaria,Europe,Earthquake,1.0,True
2002,2000,Indonesia,Asia,Earthquake,3.0,True
2014,2010,Thailand,Asia,Extreme Temperature,63.0,True
1943,1940,Peru,Americas,Earthquake,200.0,True
2000,2000,United Republic Of Tanzania,Africa,Earthquake,1.0,True
1953,1950,Cyprus,Asia,Earthquake,40.0,True
1988,1980,India,Asia,Earthquake,382.0,True
1999,1990,Türkiye,Asia,Earthquake,3.0,True
1956,1950,Afghanistan,Asia,Earthquake,100.0,True
2011,2010,China,Asia,Earthquake,25.0,True
2009,2000,Tonga,Oceania,Earthquake,9.0,True
1996,1990,Ecuador,Americas,Earthquake,27.0,True
2019,2010,Indonesia,Asia,Earthquake,9.0,True
2006,2000,Indonesia,Asia,Earthquake,802.0,True
1993,1990,United States,Americas,Earthquake,2.0,True
1997,1990,India,Asia,Earthquake,43.0,True
1971,1970,Türkiye,Asia,Earthquake,57.0,True
2017,2010,Iran (Islamic Republic Of),Asia,Earthquake,3.0,True
1951,1950,Taiwan (Province Of China),Asia,Earthquake,17.0,True
1980,1980,Ecuador,Americas,Earthquake,8.0,True
2019,2010,Phillippines,Asia,Earthquake,0.0,False
2011,2010,Philippines,Asia,Earthquake,0.0,False
2011,2010,Uzbekistan,Asia,Earthquake,13.0,True
1992,1990,Bengladesh,Asia,Storm,7.0,True
2003,2000,Japan,Asia,Earthquake,2.0,True
1998,1990,Pakistan,Asia,Earthquake,1.0,True
1930,1930,Myanmar,Asia,Earthquake,500.0,True
1972,1970,Afghanistan,Asia,Earthquake,11.0,True
2019,2010,Philippines,Asia,Earthquake,9.0,True
1991,1990,Iraq,Asia,Earthquake,20.0,True
2003,2000,Indonésie,Asia,Earthquake,0.0,False
1996,1990,Bangladesh,Asia,Extreme Temperature,200.0,True
2010,2010,China,Asia,Earthquake,2968.0,True
2002,2000,United Republic Of Tanzania,Africa,Earthquake,2.0,True
1981,1980,Peru,Americas,Earthquake,8.0,True
2001,2000,El Salvador,Americas,Earthquake,315.0,True
2007,2000,South Africa,Africa,Extreme Temperature,22.0,True
1979,1970,Mexico,Americas,Earthquake,5.0,True
2000,2000,China,Asia,Earthquake,7.0,True
2016,2010,Pakistan,Asia,Earthquake,6.0,True
2000,2000,Türkiye,Asia,Earthquake,2.0,True
2011,2010,Peru,Americas,Earthquake,1.0,True
1981,1980,Yugoslavia,Europe,Earthquake,0.0,False
1998,1990,Afghanistan,Asia,Earthquake,4700.0,True
1990,1990,Indonesia,Asia,Earthquake,5.0,True
1969,1960,Ethiopia,Africa,Earthquake,24.0,True
1948,1940,Soviet Union,Europe,Earthquake,110000.0,True
2005,2000,Japan,Asia,Earthquake,1.0,True
2000,2000,Iran (Islamic Republic Of),Asia,Earthquake,1.0,True
1972,1970,Iran (Islamic Republic Of),Asia,Earthquake,5057.0,True
1992,1990,Netherlands (Kingdom Of The),Europe,Earthquake,0.0,False
1983,1980,Türkiye,Asia,Earthquake,1346.0,True
1985,1980,Türkiye,Asia,Earthquake,0.0,False
1946,1940,Dominican Republic,Americas,Earthquake,73.0,True
2019,2010,Iran (Islamic Republic Of),Asia,Earthquake,1.0,True
2007,2000,Japan,Asia,Earthquake,9.0,True
2016,2010,Uganda,Africa,Earthquake,4.0,True
2021,2020,Bolivia (Plurinational State Of),Americas,Flood,0.0,False
1906,1900,Taiwan (Province Of China),Asia,Earthquake,15.0,True
1953,1950,Iran (Islamic Republic Of),Asia,Earthquake,970.0,True
2007,2000,Peru,Americas,Extreme Temperature,67.0,True
1999,1990,Azerbaijan,Asia,Earthquake,1.0,True
1984,1980,India,Asia,Earthquake,20.0,True
1990,1990,Peru,Americas,Earthquake,200.0,True
2021,2020,Pakistan,Asia,Earthquake,21.0,True
1910,1910,Algeria,Africa,Earthquake,12.0,True
1960,1960,Peru,Americas,Earthquake,63.0,True
1990,1990,Phillippines,Asia,Earthquake,2412.0,True
2012,2010,Romania,Europe,Extreme Temperature,86.0,True
2020,2020,Türkiye,Asia,Earthquake,115.0,True
2002,2000,China,Asia,Earthquake,0.0,False
1992,1990,Pakistan,Asia,Earthquake,36.0,True
2000,2000,Russian Federation,Europe,Extreme Temperature,232.0,True
2023,2020,Papua New Guinea,Oceania,Earthquake,8.0,True
2012,2010,Poland,Europe,Extreme Temperature,82.0,True
2012,2010,Italy,Europe,Earthquake,7.0,True
1983,1980,China,Asia,Earthquake,34.0,True
2002,2000,Papua New Guinea,Oceania,Earthquake,4.0,True
2009,2000,Bangladesh,Asia,Extreme Temperature,135.0,True
2001,2000,China,Asia,Earthquake,3.0,True
2007,2000,Chile,Americas,Extreme Temperature,6.0,True
1954,1950,Greece,Europe,Earthquake,31.0,True
1991,1990,Indonesia,Asia,Earthquake,0.0,False
2010,2010,China,Asia,Earthquake,0.0,False
1960,1960,Morocco,Africa,Earthquake,13100.0,True
2003,2000,China,Asia,Earthquake,16.0,True
1990,1990,Nicaragua,Americas,Earthquake,0.0,False
1927,1920,Indonesia,Asia,Earthquake,50.0,True
1996,1990,Indonesia,Asia,Earthquake,166.0,True
2015,2010,Timor-Leste,Asia,Earthquake,0.0,False
1983,1980,Soviet Union,Europe,Earthquake,0.0,False
1993,1990,China,Asia,Earthquake,0.0,False
2011,2010,Thailand,Asia,Earthquake,1.0,True
1994,1990,Indonesia,Asia,Earthquake,0.0,False
1985,1980,Iran (Islamic Republic Of),Asia,Earthquake,1.0,True
1979,1970,Iran (Islamic Republic Of),Asia,Earthquake,350.0,True
1931,1930,Armenia,Asia,Earthquake,2890.0,True
1967,1960,Albania,Europe,Earthquake,11.0,True
1968,1960,Australia,Oceania,Earthquake,0.0,False
1991,1990,United States,Americas,Earthquake,2.0,True
1949,1940,Chile,Americas,Earthquake,35.0,True
2009,2000,Romania,Europe,Extreme Temperature,11.0,True
1995,1990,Indonesia,Asia,Flood,47.0,True
1951,1950,Türkiye,Asia,Earthquake,54.0,True
2006,2000,El Salvador,Americas,Earthquake,0.0,False
2023,2020,United States,Americas,Extreme Temperature,10.0,True
2016,2010,United States,Americas,Earthquake,0.0,False
2006,2000,Kyrgyzstan,Asia,Earthquake,0.0,False
2011,2010,China,Asia,Earthquake,0.0,False
2009,2000,Indonesia,Asia,Earthquake,0.0,False
2012,2010,Phillipines,Asia,Earthquake,113.0,True
2024,2020,Japan,Asia,Earthquake,551.0,True
1903,1900,Iran (Islamic Republic Of),Asia,Earthquake,350.0,True
1983,1980,Costa Rica,Americas,Earthquake,2.0,True
2016,2010,Ecuador,Americas,Earthquake,1.0,True
2015,2010,China,Asia,Earthquake,4.0,True
2020,2020,Indonesia,Asia,Earthquake,0.0,False
2005,2000,Peoples Republic Of China,Asia,Earthquake,16.0,True
2008,2000,Russian Federation,Europe,Earthquake,13.0,True
1975,1970,United States,Americas,Earthquake,0.0,False
1962,1960,Italy,Europe,Earthquake,16.0,True
1982,1980,El Salvador,Americas,Earthquake,20.0,True
2006,2000,China,Asia,Earthquake,0.0,False
1937,1930,Mexico,Americas,Earthquake,34.0,True
1946,1940,Peru,Americas,Earthquake,1400.0,True
2001,2000,Romania,Europe,Extreme Temperature,10.0,True
1967,1960,Colombia,Americas,Earthquake,61.0,True
1991,1990,Costa Rica,Americas,Earthquake,0.0,False
1930,1930,Italy,Europe,Earthquake,1883.0,True
2009,2000,France,Europe,Extreme Temperature,2.0,True
2021,2020,Peru,Americas,Earthquake,0.0,False
1952,1950,China,Asia,Earthquake,0.0,False
2022,2020,Taiwan (Province Of China),Asia,Earthquake,1.0,True
1999,1990,Taiwan (Province Of China),Asia,Earthquake,2264.0,True
2023,2020,China,Asia,Earthquake,0.0,False
2014,2010,Mexico,Americas,Earthquake,0.0,False
1966,1960,Greece,Europe,Earthquake,1.0,True
1904,1900,Taiwan (Province Of China),Asia,Earthquake,3.0,True
1997,1990,Iran (Islamic Republic Of),Asia,Earthquake,1568.0,True
2024,2020,Indonesia,Asia,Earthquake,0.0,False
2016,2010,Italy,Europe,Earthquake,0.0,False
1984,1980,Japan,Asia,Earthquake,20.0,True
1972,1970,Italy,Europe,Earthquake,1.0,True
2016,2010,Italy,Europe,Earthquake,1.0,True
2007,2000,Indonésie,Asia,Earthquake,25.0,True
1984,1980,Soviet Union,Europe,Earthquake,0.0,False
1980,1980,Mexico,Americas,Earthquake,65.0,True
2000,2000,Chile,Americas,Extreme Temperature,0.0,False
1969,1960,Türkiye,Asia,Earthquake,53.0,True
2013,2010,China,Asia,Earthquake,0.0,False
1989,1980,Venezuela (Bolivarian Republic Of),Americas,Earthquake,0.0,False
1909,1900,Pakistan,Asia,Earthquake,231.0,True
2015,2010,India,Asia,Earthquake,78.0,True
2012,2010,Philippines,Asia,Earthquake,1.0,True
2003,2000,United States,Americas,Earthquake,2.0,True
2002,2000,Pakistan,Asia,Earthquake,3.0,True
2005,2000,Bengladesh,Asia,Extreme Temperature,100.0,True
1943,1940,Türkiye,Asia,Earthquake,4020.0,True
2020,2020,Türkiye,Asia,Earthquake,1.0,True
1991,1990,Peru,Americas,Extreme Temperature,25.0,True
1991,1990,China,Asia,Earthquake,0.0,False
2012,2010,Morocco,Africa,Extreme Temperature,0.0,False
1981,1980,Pakistan,Asia,Earthquake,6.0,True
2020,2020,Croatia,Europe,Earthquake,1.0,True
1996,1990,China,Asia,Earthquake,26.0,True
2002,2000,Philippines,Asia,Earthquake,15.0,True
1994,1990,Algeria,Africa,Earthquake,171.0,True
1986,1980,Greece,Europe,Earthquake,20.0,True
2001,2000,India,Asia,Earthquake,20005.0,True
1997,1990,South Africa,Africa,Earthquake,15.0,True
1905,1900,China,Asia,Earthquake,0.0,False
1957,1950,Tunisia,Africa,Earthquake,13.0,True
1963,1960,Yugoslavia,Europe,Earthquake,1070.0,True
2002,2000,Serbia Montenegro,Europe,Earthquake,1.0,True
1995,1990,Greece,Europe,Earthquake,26.0,True
1993,1990,Colombia,Americas,Earthquake,2.0,True
2001,2000,Russian Federation,Europe,Extreme Temperature,145.0,True
1992,1990,Indonesia,Asia,Earthquake,2500.0,True
2015,2010,Afghanistan,Asia,Mass Movement (Wet),12.0,True
2004,2000,Argentina,Americas,Extreme Temperature,5.0,True
2012,2010,Bulgaria,Europe,Extreme Temperature,30.0,True
1958,1950,Indonesia,Asia,Earthquake,8.0,True
2023,2020,Syrian Arab Republic,Asia,Earthquake,5900.0,True
2012,2010,China,Asia,Earthquake,0.0,False
1945,1940,Türkiye,Asia,Earthquake,300.0,True
1976,1970,Türkiye,Asia,Earthquake,3840.0,True
1998,1990,Chine,Asia,Earthquake,3.0,True
2010,2010,China,Asia,Earthquake,1.0,True
2024,2020,Lebanon,Asia,Extreme Temperature,0.0,False
1991,1990,Iran (Islamic Republic Of),Asia,Earthquake,0.0,False
2014,2010,Comoros,Africa,Earthquake,0.0,False
2005,2000,Chile,Americas,Earthquake,11.0,True
1975,1970,Solomon Islands,Oceania,Earthquake,200.0,True
1987,1980,Indonesia,Asia,Earthquake,2.0,True
2010,2010,Mexico,Americas,Earthquake,2.0,True
2008,2000,China,Asia,Earthquake,0.0,False
2019,2010,Pakistan,Asia,Earthquake,39.0,True
1994,1990,Chine,Asia,Earthquake,1.0,True
2011,2010,Myanmar,Asia,Earthquake,74.0,True
2002,2000,Türkiye,Asia,Earthquake,42.0,True
1949,1940,United States,Americas,Earthquake,8.0,True
2013,2010,China,Asia,Earthquake,198.0,True
1907,1900,China,Asia,Earthquake,12000.0,True
1983,1980,United States,Americas,Earthquake,0.0,False
1940,1940,Peru,Americas,Earthquake,179.0,True
1947,1940,Greece,Europe,Earthquake,3.0,True
1974,1970,Japan,Asia,Earthquake,30.0,True
1991,1990,Colombia,Americas,Earthquake,2.0,True
1953,1950,Peru,Americas,Earthquake,9.0,True
2025,2020,China,Asia,Earthquake,126.0,True
1999,1990,Türkiye,Asia,Earthquake,1.0,True
2000,2000,Indonésie,Asia,Earthquake,45.0,True
2011,2010,New Zealand,Oceania,Earthquake,1.0,True
2011,2010,Japan,Asia,Earthquake,19846.0,True
2012,2010,Chile,Americas,Earthquake,1.0,True
2004,2000,Türkiye,Asia,Earthquake,0.0,False
2014,2010,Nicaragua,Americas,Earthquake,2.0,True
1931,1930,Solomon Islands,Oceania,Earthquake,50.0,True
1991,1990,Georgia,Asia,Earthquake,8.0,True
1936,1930,Colombia,Americas,Earthquake,0.0,False
1980,1980,Mexico,Americas,Earthquake,2.0,True
2012,2010,Philippines,Asia,Mass Movement (Wet),75.0,True
1916,1910,Taiwan (Province Of China),Asia,Earthquake,180.0,True
2002,2000,Iran (Islamic Republic Of),Asia,Earthquake,2.0,True
2021,2020,Indonesia,Asia,Earthquake,3.0,True
2001,2000,Greece,Europe,Earthquake,0.0,False
1973,1970,Japan,Asia,Earthquake,0.0,False
1955,1950,China,Asia,Earthquake,39.0,True
2013,2010,Philippines,Asia,Earthquake,230.0,True
2023,2020,Afghanistan,Asia,Earthquake,5.0,True
2022,2020,China,Asia,Earthquake,0.0,False
1995,1990,Ecuador,Americas,Earthquake,2.0,True
2005,2000,El Salvador,Americas,Earthquake,1.0,True
1956,1950,India,Asia,Earthquake,113.0,True
1909,1900,Iran (Islamic Republic Of),Asia,Earthquake,5000.0,True
2022,2020,Peru,Americas,Earthquake,0.0,False
2017,2010,Italy,Europe,Earthquake,2.0,True
1966,1960,India,Asia,Earthquake,15.0,True
1974,1970,Peru,Americas,Earthquake,78.0,True
2019,2010,El Salvador,Americas,Earthquake,1.0,True
2014,2010,Peru,Americas,Earthquake,8.0,True
2000,2000,Indonesia,Asia,Earthquake,103.0,True
1995,1990,Indonesia,Asia,Earthquake,84.0,True
1925,1920,China,Asia,Earthquake,12.0,True
1927,1920,Jordan,Asia,Earthquake,268.0,True
1925,1920,Philippines,Asia,Earthquake,17.0,True
2019,2010,Iran (Islamic Republic Of),Asia,Earthquake,6.0,True
2005,2000,Poland,Europe,Extreme Temperature,191.0,True
1966,1960,Türkiye,Asia,Earthquake,10.0,True
1991,1990,Afghanistan,Asia,Extreme Temperature,80.0,True
2013,2010,China,Asia,Earthquake,3.0,True
2010,2010,Russian Federation,Europe,Extreme Temperature,13.0,True
2012,2010,Tajikistan,Asia,Earthquake,2.0,True
2012,2010,Bangladesh,Asia,Extreme Temperature,72.0,True
2006,2000,United States,Americas,Earthquake,0.0,False
1995,1990,Türkiye,Asia,Earthquake,94.0,True
2021,2020,Greece,Europe,Earthquake,0.0,False
2013,2010,Solomon Islands,Oceania,Earthquake,10.0,True
2002,2000,Italy,Europe,Earthquake,0.0,False
1908,1900,Italy,Europe,Earthquake,75000.0,True
1988,1980,Albania,Europe,Earthquake,0.0,False
1991,1990,Soviet Union,Europe,Earthquake,270.0,True
1966,1960,Türkiye,Asia,Earthquake,12.0,True
2004,2000,Germany,Europe,Earthquake,0.0,False
1991,1990,Indonésie,Asia,Earthquake,28.0,True
2006,2000,Indonesia,Asia,Earthquake,5778.0,True
2010,2010,Serbia,Europe,Extreme Temperature,3.0,True
2003,2000,Mexico,Americas,Extreme Temperature,21.0,True
1925,1920,Türkiye,Asia,Earthquake,3.0,True
1943,1940,Türkiye,Asia,Earthquake,285.0,True
2019,2010,Ecuador,Americas,Earthquake,0.0,False
2019,2010,China,Asia,Earthquake,13.0,True
2013,2010,Indonesia,Asia,Earthquake,1.0,True
1981,1980,Italy,Europe,Earthquake,0.0,False
1982,1980,Indonesia,Asia,Earthquake,13.0,True
1971,1970,United States,Americas,Earthquake,65.0,True
1984,1980,Japan,Asia,Earthquake,0.0,False
2001,2000,United Republic Of Tanzania,Africa,Earthquake,0.0,False
2012,2010,China,Asia,Earthquake,81.0,True
1903,1900,Türkiye,Asia,Earthquake,1000.0,True
1936,1930,Indonesia,Asia,Earthquake,9.0,True
1914,1910,Italy,Europe,Earthquake,120.0,True
1951,1950,El Salvador,Americas,Earthquake,1100.0,True
1961,1960,Japan,Asia,Earthquake,10.0,True
1971,1970,Italy,Europe,Earthquake,22.0,True
2018,2010,Indonesia,Asia,Earthquake,10.0,True
1985,1980,Peru,Americas,Earthquake,0.0,False
2022,2020,Indonesia,Asia,Earthquake,0.0,False
1954,1950,Algeria,Africa,Earthquake,1250.0,True
1983,1980,Indonésie,Asia,Earthquake,2.0,True
2019,2010,Peru,Americas,Earthquake,2.0,True
1995,1990,Philippines,Asia,Earthquake,0.0,False
2023,2020,Iran (Islamic Republic Of),Asia,Earthquake,0.0,False
1998,1990,Azerbaijan,Asia,Earthquake,1.0,True
1999,1990,Mexico,Americas,Earthquake,15.0,True
1909,1900,Chine,Asia,Earthquake,21.0,True
2008,2000,Greece,Europe,Earthquake,2.0,True
2012,2010,Mexico,Americas,Earthquake,2.0,True
1911,1910,Soviet Union,Europe,Earthquake,90.0,True
2010,2010,Russian Federation,Europe,Extreme Temperature,11.0,True
1992,1990,Japon,Asia,Earthquake,0.0,False
1970,1970,Türkiye,Asia,Earthquake,1086.0,True
2009,2000,Germany,Europe,Extreme Temperature,1.0,True
1922,1920,Taiwan (Province Of China),Asia,Earthquake,5.0,True
1967,1960,Indonesia,Asia,Earthquake,54.0,True
1999,1990,Indonésie,Asia,Earthquake,5.0,True
1988,1980,Algeria,Africa,Earthquake,0.0,False
2001,2000,India,Asia,Extreme Temperature,125.0,True
2007,2000,Peru,Americas,Earthquake,593.0,True
2014,2010,United States,Americas,Extreme Temperature,21.0,True
2004,2000,China,Asia,Earthquake,0.0,False
1914,1910,Greece,Europe,Earthquake,14.0,True
1906,1900,United States,Americas,Earthquake,700.0,True
1990,1990,Pakistan,Asia,Earthquake,11.0,True
2019,2010,Albania,Europe,Earthquake,51.0,True
2006,2000,Taiwan (Province Of China),Asia,Earthquake,2.0,True
2022,2020,Phillippines,Asia,Earthquake,0.0,False
1986,1980,Iran (Islamic Republic Of),Asia,Earthquake,1.0,True
2002,2000,Vanuatu,Oceania,Earthquake,0.0,False
2022,2020,Indonesia,Asia,Earthquake,15.0,True
2002,2000,Russian Federation,Europe,Wildfire,0.0,False
2017,2010,Philippines,Asia,Earthquake,3.0,True
1990,1990,Romania,Europe,Earthquake,9.0,True
1982,1980,Yemen Arab Republic,Asia,Earthquake,1507.0,True
2005,2000,Iran (Islamic Republic Of),Asia,Earthquake,612.0,True
2012,2010,Italy,Europe,Extreme Temperature,45.0,True
2011,2010,Türkiye,Asia,Earthquake,40.0,True
1993,1990,Mexico,Americas,Earthquake,0.0,False
2023,2020,China,Asia,Earthquake,151.0,True
1952,1950,Japan,Asia,Earthquake,33.0,True
2023,2020,Indonesia,Asia,Earthquake,4.0,True
2014,2010,China,Asia,Earthquake,1.0,True
1966,1960,Democratic Republic Of The Congo,Africa,Earthquake,24.0,True
1999,1990,India,Asia,Earthquake,100.0,True
1914,1910,Indonesia,Asia,Earthquake,20.0,True
1990,1990,Costa Rica,Americas,Earthquake,0.0,False
1986,1980,Soviet Union,Europe,Earthquake,2.0,True
1970,1970,Iran (Islamic Republic Of),Asia,Earthquake,176.0,True
2002,2000,China,Asia,Earthquake,2.0,True
1998,1990,Albania,Europe,Earthquake,0.0,False
2020,2020,Philippines,Asia,Earthquake,1.0,True
2004,2000,Bangladesh,Asia,Earthquake,2.0,True
1929,1920,New Zealand,Oceania,Earthquake,17.0,True
2024,2020,Indonesia,Asia,Earthquake,1.0,True
1990,1990,Italy,Europe,Earthquake,2.0,True
2007,2000,Chile,Americas,Earthquake,2.0,True
2016,2010,Italy,Europe,Earthquake,296.0,True
1920,1920,Argentina,Americas,Earthquake,400.0,True
2022,2020,Indonesia,Asia,Earthquake,334.0,True
1985,1980,Soviet Union,Europe,Earthquake,0.0,False
1983,1980,Japan,Asia,Earthquake,102.0,True
1977,1970,Iran (Islamic Republic Of),Asia,Earthquake,3.0,True
2011,2010,Indonesia,Asia,Earthquake,10.0,True
1999,1990,Peru,Americas,Earthquake,0.0,False
1948,1940,China,Asia,Earthquake,800.0,True
2002,2000,Indonesia,Asia,Earthquake,0.0,False
2022,2020,Papua New Guinea,Oceania,Earthquake,7.0,True
1976,1970,Türkiye,Asia,Earthquake,2.0,True
2009,2000,Phillipines,Asia,Earthquake,0.0,False
1953,1950,Greece,Europe,Earthquake,476.0,True
2005,2000,Afghanistan,Asia,Earthquake,5.0,True
2023,2020,Peru,Americas,Earthquake,1.0,True
2021,2020,Ecuador,Americas,Earthquake,0.0,False
1900,1900,Türkiye,Asia,Earthquake,140.0,True
1983,1980,Germany Federal Republic,Europe,Flood,0.0,False
1986,1980,Guatemala,Americas,Earthquake,0.0,False
1961,1960,Iran  (Islamic  Republic  Of),Asia,Earthquake,60.0,True
1932,1930,Mexico,Americas,Earthquake,0.0,False
1979,1970,China,Asia,Earthquake,0.0,False
2000,2000,Egypt,Africa,Extreme Temperature,3.0,True
2003,2000,Türkiye,Asia,Earthquake,177.0,True
2002,2000,Indonesia,Asia,Earthquake,0.0,False
2004,2000,Brazil,Americas,Extreme Temperature,0.0,False
1997,1990,Mexico,Americas,Earthquake,1.0,True
2001,2000,Malaysia,Asia,Flood,11.0,True
2024,2020,Taiwan (Province Of China),Asia,Earthquake,20.0,True
2007,2000,India,Asia,Extreme Temperature,47.0,True
1970,1970,India,Asia,Earthquake,26.0,True
1999,1990,Türkiye,Asia,Earthquake,0.0,False
2004,2000,Colombia,Americas,Earthquake,1.0,True
2023,2020,Syrian Arab Republic,Asia,Earthquake,0.0,False
1936,1930,Taiwan (Province Of China),Asia,Earthquake,10.0,True
1992,1990,Iran (Islamic Republic Of),Asia,Earthquake,5.0,True
1944,1940,Iran (Islamic Republic Of),Asia,Earthquake,20.0,True
2019,2010,China,Asia,Earthquake,1.0,True
1998,1990,Iran (Islamic Republic Of),Asia,Earthquake,5.0,True
1948,1940,Japan,Asia,Earthquake,5131.0,True
2003,2000,Iran (Islamic Republic Of),Asia,Earthquake,26796.0,True
2010,2010,Paraguay,Americas,Extreme Temperature,12.0,True
1981,1980,Iran (Islamic Republic Of),Asia,Earthquake,1200.0,True
2007,2000,Solomon Islands,Oceania,Earthquake,52.0,True
2014,2010,Greece,Europe,Earthquake,0.0,False
2013,2010,Taiwan (Province Of China),Asia,Earthquake,1.0,True
1991,1990,Romania,Europe,Earthquake,0.0,False
1970,1970,Türkiye,Asia,Earthquake,0.0,False
1946,1940,Chile,Americas,Earthquake,2.0,True
1978,1970,Spain,Europe,Flood,22.0,True
2009,2000,Ukraine,Europe,Extreme Temperature,27.0,True
2009,2000,Costa Rica,Americas,Earthquake,31.0,True
2010,2010,Mexico,Americas,Flood,25.0,True
1999,1990,Philippines,Asia,Earthquake,6.0,True
2014,2010,Poland,Europe,Extreme Temperature,78.0,True
1992,1990,Egypt,Africa,Earthquake,552.0,True
1935,1930,Türkiye,Asia,Earthquake,540.0,True
1978,1970,Italy,Europe,Earthquake,5.0,True
1991,1990,Yemen,Asia,Earthquake,10.0,True
1930,1930,Taiwan (Province Of China),Asia,Earthquake,0.0,False
2009,2000,Iran (Islamic Republic Of),Asia,Earthquake,0.0,False
1989,1980,Mexico,Americas,Earthquake,3.0,True
1998,1990,Solomon Islands,Oceania,Drought,0.0,False
1942,1940,Peru,Americas,Earthquake,30.0,True
1982,1980,Canada,Americas,Extreme Temperature,0.0,False
1999,1990,Guatemala,Americas,Earthquake,2.0,True
1997,1990,Ecuador,Americas,Flood,27.0,True
2003,2000,Russian Federation,Europe,Earthquake,3.0,True
1968,1960,Italy,Europe,Earthquake,224.0,True
2018,2010,Taiwan (Province Of China),Asia,Earthquake,84.0,True
1998,1990,Iran (Islamic Republic Of),Asia,Earthquake,0.0,False
2022,2020,Bosnia And Herzegovina,Europe,Earthquake,1.0,True
1981,1980,Pakistan,Asia,Earthquake,250.0,True
1999,1990,Afghanistan,Asia,Earthquake,70.0,True
1990,1990,Indonesia,Asia,Earthquake,0.0,False
1997,1990,Venezuela (Bolivarian Republic Of),Americas,Earthquake,80.0,True
2014,2010,Mexico,Americas,Earthquake,3.0,True
2011,2010,China,Asia,Earthquake,0.0,False
2001,2000,Bangladesh,Asia,Extreme Temperature,6.0,True
1990,1990,Ecuador,Americas,Earthquake,4.0,True
2021,2020,China,Asia,Earthquake,0.0,False
1995,1990,Spain,Europe,Extreme Temperature,30.0,True
1985,1980,Pakistan,Asia,Earthquake,5.0,True
1997,1990,Afghanistan,Asia,Earthquake,5.0,True
1968,1960,Peru,Americas,Earthquake,11.0,True
1979,1970,Yugoslavia,Europe,Earthquake,0.0,False
1987,1980,Nigeria,Africa,Epidemic,89.0,True
2004,2000,Indonesia,Asia,Earthquake,32.0,True
1974,1970,China,Asia,Earthquake,20000.0,True
2011,2010,China,Asia,Earthquake,0.0,False
1976,1970,China,Asia,Earthquake,242000.0,True
2000,2000,Bangladesh,Asia,Earthquake,0.0,False
2024,2020,Peru,Americas,Earthquake,0.0,False
2021,2020,China,Asia,Earthquake,3.0,True
1957,1950,Mongolia,Asia,Earthquake,1200.0,True
1979,1970,Yugoslavia,Europe,Earthquake,121.0,True
1966,1960,Nepal,Asia,Earthquake,80.0,True
2021,2020,Argentina,Americas,Earthquake,0.0,False
1924,1920,Türkiye,Asia,Earthquake,50.0,True
1981,1980,Peoples Republic Of China,Asia,Wildfire,0.0,False
1951,1950,Taiwan (Province Of China),Asia,Earthquake,68.0,True
2023,2020,Syrian Arab Republic,Asia,Earthquake,0.0,False
1947,1940,Peru,Americas,Earthquake,233.0,True
1976,1970,Guatemala,Americas,Earthquake,23000.0,True
2013,2010,Japan,Asia,Earthquake,0.0,False
2002,2000,Afghanistan,Asia,Earthquake,50.0,True
1997,1990,Indonesia,Asia,Earthquake,20.0,True
1960,1960,Algeria,Africa,Earthquake,57.0,True
2002,2000,Tajikistan,Asia,Earthquake,3.0,True
2018,2010,Haiti,Americas,Earthquake,17.0,True
2025,2020,Myanmar,Asia,Earthquake,3804.0,True
1946,1940,Türkiye,Asia,Earthquake,840.0,True
1983,1980,Yugoslavia,Europe,Earthquake,12.0,True
2008,2000,Indonésie,Asia,Earthquake,6.0,True
2006,2000,Republic Of Moldova,Europe,Extreme Temperature,13.0,True
1989,1980,Bengladesh,Asia,Earthquake,1.0,True
1979,1970,Italy,Europe,Earthquake,5.0,True
1987,1980,Mexico,Americas,Earthquake,2.0,True
2022,2020,Peoples Republic Of China,Asia,Earthquake,0.0,False
1982,1980,Italy,Europe,Earthquake,0.0,False
2006,2000,Tajikistan,Asia,Earthquake,3.0,True
1980,1980,Japan,Asia,Earthquake,2.0,True
2009,2000,Malawi,Africa,Earthquake,3.0,True
1983,1980,Iran (Islamic Republic Of),Asia,Earthquake,30.0,True
2004,2000,Dominica,Americas,Earthquake,0.0,False
2005,2000,Austria,Europe,Extreme Temperature,0.0,False
1978,1970,Iran (Islamic Republic Of),Asia,Earthquake,45.0,True
1941,1940,Yemen Arab Republic,Asia,Earthquake,1200.0,True
1989,1980,Australia,Oceania,Earthquake,12.0,True
2013,2010,Indonesia,Asia,Earthquake,1.0,True
2022,2020,Mexico,Americas,Earthquake,3.0,True
2000,2000,Kyrgyzstan,Asia,Extreme Temperature,11.0,True
1992,1990,Kyrgyzstan,Asia,Earthquake,54.0,True
2012,2010,Philipines,Asia,Earthquake,0.0,False
1967,1960,China,Asia,Earthquake,0.0,False
1947,1940,Iran (Islamic Republic Of),Asia,Earthquake,400.0,True
1980,1980,Azores Islands,Europe,Earthquake,69.0,True
1930,1930,Iran (Islamic Republic Of),Asia,Earthquake,1360.0,True
2023,2020,Philippines,Asia,Earthquake,0.0,False
2003,2000,Afghanistan,Asia,Earthquake,1.0,True
1976,1970,Iran (Islamic Republic Of),Asia,Earthquake,16.0,True
1995,1990,El Salvador,Americas,Flood,8.0,True
2005,2000,Iran (Islamic Republic Of),Asia,Earthquake,0.0,False
2002,2000,Romania,Europe,Extreme Temperature,10.0,True
1990,1990,Philippines,Asia,Earthquake,1.0,True
2013,2010,China,Asia,Earthquake,95.0,True
2007,2000,Barbados,Americas,Earthquake,0.0,False
2012,2010,Italy,Europe,Earthquake,17.0,True
2013,2010,New Zealand,Oceania,Earthquake,0.0,False
1989,1980,United States,Americas,Earthquake,5.0,True
1930,1930,Italy,Europe,Earthquake,18.0,True
1988,1980,Guatemala,Americas,Earthquake,0.0,False
1992,1990,Germany,Europe,Earthquake,1.0,True
2003,2000,Costa Rica,Americas,Earthquake,2.0,True
1968,1960,Mexico,Americas,Earthquake,18.0,True
2010,2010,Iran (Islamic Republic Of),Asia,Earthquake,0.0,False
1979,1970,Iran (Islamic Republic Of),Asia,Earthquake,199.0,True
1968,1960,New Zealand,Oceania,Earthquake,3.0,True
2000,2000,Poland,Europe,Extreme Temperature,84.0,True
1997,1990,Iran  (Islamic  Republic  Of),Asia,Earthquake,1100.0,True
2009,2000,Samoa,Oceania,Earthquake,148.0,True
1999,1990,Ethiopia,Africa,Flood,0.0,False
1906,1900,Colombia,Americas,Earthquake,400.0,True
1990,1990,United States,Americas,Earthquake,0.0,False
1984,1980,Türkiye,Asia,Earthquake,3.0,True
1999,1990,Poland,Europe,Extreme Temperature,154.0,True
1983,1980,Guinea,Africa,Earthquake,443.0,True
1991,1990,Guatemala,Americas,Earthquake,14.0,True
1909,1900,Japan,Asia,Earthquake,41.0,True
2007,2000,Tajikistan,Asia,Earthquake,11.0,True
2001,2000,Peru,Americas,Earthquake,2.0,True
2007,2000,China,Asia,Earthquake,3.0,True
1971,1970,Indonesia,Asia,Earthquake,1.0,True
1915,1910,Italy,Europe,Earthquake,29980.0,True
1985,1980,Guatemala,Americas,Earthquake,0.0,False
2014,2010,Chine,Asia,Earthquake,1.0,True
1977,1970,Iran (Islamic Republic Of),Asia,Earthquake,3.0,True
1985,1980,Peoples Republic Of China,Asia,Earthquake,67.0,True
1998,1990,Austria,Europe,Earthquake,0.0,False
1941,1940,Iran (Islamic Republic Of),Asia,Earthquake,730.0,True
2005,2000,Iran (Islamic Republic Of),Asia,Earthquake,0.0,False
1963,1960,Taiwan (Province Of China),Asia,Earthquake,15.0,True
1956,1950,Iran (Islamic Republic Of),Asia,Earthquake,350.0,True
1994,1990,China,Asia,Earthquake,0.0,False
1979,1970,Guatemala,Americas,Earthquake,0.0,False
1980,1980,Peru,Americas,Earthquake,7.0,True
2015,2010,Afghanistan,Asia,Earthquake,115.0,True
2022,2020,Guatemala,Americas,Earthquake,3.0,True
2020,2020,Puerto Rico,Americas,Earthquake,4.0,True
2012,2010,Myanmar,Asia,Earthquake,38.0,True
2018,2010,Mongolia,Asia,Extreme Temperature,0.0,False
2000,2000,Japan,Asia,Earthquake,0.0,False
1991,1990,Bangladesh,Asia,Extreme Temperature,182.0,True
2015,2010,Afghanistan,Asia,Earthquake,0.0,False
2008,2000,China,Asia,Earthquake,30.0,True
2003,2000,Türkiye,Asia,Earthquake,0.0,False
2011,2010,Chile,Americas,Extreme Temperature,0.0,False
1967,1960,Venezuela (Bolivarian Republic Of),Americas,Earthquake,240.0,True
1932,1930,Greece,Europe,Earthquake,151.0,True
1997,1990,Pakistan,Asia,Flood,31.0,True
1992,1990,Cuba,Americas,Earthquake,0.0,False
2017,2010,Iraq,Asia,Earthquake,10.0,True
2003,2000,China,Asia,Earthquake,11.0,True
2010,2010,Bulgaria,Europe,Extreme Temperature,3.0,True
2017,2010,Republic Of Korea,Asia,Earthquake,0.0,False
1988,1980,Iran (Islamic Republic Of),Asia,Earthquake,1.0,True
1980,1980,Algeria,Africa,Earthquake,2633.0,True
1996,1990,China,Asia,Earthquake,18.0,True
1999,1990,China,Asia,Earthquake,0.0,False
2016,2010,Taiwan (Province Of China),Asia,Earthquake,117.0,True
2008,2000,Iran (Islamic Republic Of),Asia,Earthquake,0.0,False
2001,2000,Guatemala,Americas,Earthquake,6.0,True
1989,1980,Indonesia,Asia,Earthquake,120.0,True
2001,2000,Poland,Europe,Extreme Temperature,270.0,True
1986,1980,Türkiye,Asia,Earthquake,15.0,True
2014,2010,Algeria,Africa,Earthquake,6.0,True
2008,2000,Democratic Republic Of The Congo,Africa,Earthquake,11.0,True
1946,1940,Japan,Asia,Earthquake,2000.0,True
1933,1930,United States,Americas,Earthquake,116.0,True
2009,2000,Belgium,Europe,Extreme Temperature,1.0,True
2021,2020,Lao People'S Democratic Republic,Asia,Earthquake,0.0,False
1932,1930,Mexico,Americas,Earthquake,400.0,True
2023,2020,Pakistan,Asia,Earthquake,11.0,True
1906,1900,China,Asia,Earthquake,280.0,True
1943,1940,Chile,Americas,Earthquake,12.0,True
2011,2010,Bhutan,Asia,Earthquake,1.0,True
1992,1990,United States,Americas,Wildfire,0.0,False
1997,1990,Mexico,Americas,Extreme Temperature,87.0,True
2004,2000,Somalia,Africa,Earthquake,298.0,True
1983,1980,Indonesia,Asia,Earthquake,0.0,False
2019,2010,Albania,Europe,Earthquake,0.0,False
2019,2010,Philippines,Asia,Earthquake,25.0,True
2022,2020,Haiti,Americas,Earthquake,2.0,True
2021,2020,China,Asia,Earthquake,3.0,True
1952,1950,Japan,Asia,Earthquake,0.0,False
2005,2000,Türkiye,Asia,Earthquake,2.0,True
1923,1920,Iran (Islamic Republic Of),Asia,Earthquake,290.0,True
2018,2010,Iran (Islamic Republic Of),Asia,Earthquake,2.0,True
2017,2010,Greece,Europe,Earthquake,1.0,True
2019,2010,India,Asia,Storm,50.0,True
1983,1980,Colombia,Americas,Earthquake,250.0,True
1965,1960,El Salvador,Americas,Earthquake,125.0,True
2023,2020,Ecuador,Americas,Earthquake,14.0,True
1944,1940,Türkiye,Asia,Earthquake,27.0,True
1980,1980,India,Asia,Earthquake,13.0,True
1997,1990,Italy,Europe,Earthquake,14.0,True
2009,2000,Guatemala,Americas,Flood,0.0,False
2002,2000,Iran (Islamic Republic Of),Asia,Earthquake,227.0,True
1965,1960,Indonesia,Asia,Earthquake,71.0,True
2016,2010,Philippines,Asia,Earthquake,8.0,True
1968,1960,Japan,Asia,Earthquake,47.0,True
1985,1980,Algeria,Africa,Earthquake,30.0,True
2023,2020,Türkiye,Asia,Earthquake,53000.0,True
2006,2000,Bulgaria,Europe,Earthquake,0.0,False
2019,2010,Papua New Guinea,Oceania,Earthquake,0.0,False
1967,1960,Türkiye,Asia,Earthquake,183.0,True
2019,2010,France,Europe,Earthquake,0.0,False
2004,2000,Colombia,Americas,Earthquake,0.0,False
1999,1990,Colombia,Americas,Earthquake,1186.0,True
1996,1990,China,Asia,Earthquake,309.0,True
1980,1980,Nepal,Asia,Earthquake,100.0,True
1990,1990,Vanuatu,Oceania,Earthquake,0.0,False
1991,1990,India,Asia,Earthquake,1500.0,True
1965,1960,U.S.A.,Americas,Earthquake,7.0,True
1920,1920,Italy,Europe,Earthquake,1400.0,True
1925,1920,China,Asia,Earthquake,5000.0,True
2004,2000,Algeria,Africa,Earthquake,0.0,False
1998,1990,Peoples Republic Of China,Asia,Earthquake,0.0,False
2022,2020,United States,Americas,Earthquake,2.0,True
1996,1990,South Africa,Africa,Extreme Temperature,30.0,True
2021,2020,Haiti,Americas,Earthquake,2575.0,True
1992,1990,Kyrgyzstan,Asia,Earthquake,4.0,True
1976,1970,Indonesia,Asia,Earthquake,573.0,True
1994,1990,Afghanistan,Asia,Earthquake,160.0,True
1960,1960,Philippines,Asia,Storm,58.0,True
2010,2010,Tajikistan,Asia,Earthquake,0.0,False
2012,2010,China,Asia,Earthquake,0.0,False
2009,2000,Italy,Europe,Earthquake,300.0,True
2007,2000,Saint Lucia,Americas,Earthquake,0.0,False
2016,2010,Indonesia,Asia,Earthquake,0.0,False
1953,1950,Chile,Americas,Earthquake,12.0,True
1974,1970,Pakistan,Asia,Earthquake,4700.0,True
1923,1920,Colombia,Americas,Earthquake,300.0,True
2012,2010,Costa Rica,Americas,Earthquake,2.0,True
1991,1990,Greece,Europe,Extreme Temperature,5.0,True
1995,1990,Mexico,Americas,Earthquake,58.0,True
2012,2010,Ukraine,Europe,Extreme Temperature,112.0,True
1987,1980,Indonesia,Asia,Earthquake,125.0,True
1918,1910,Philippines,Asia,Earthquake,100.0,True
2000,2000,China,Asia,Earthquake,0.0,False
2023,2020,Jordan,Asia,Extreme Temperature,0.0,False
1983,1980,Greece,Europe,Earthquake,0.0,False
1966,1960,Peru,Americas,Earthquake,120.0,True
2003,2000,Türkiye,Asia,Earthquake,0.0,False
1998,1990,China,Asia,Earthquake,49.0,True
2010,2010,Indonesia,Asia,Earthquake,530.0,True
1957,1950,Türkiye,Asia,Earthquake,53.0,True
2002,2000,Iran (Islamic Republic Of),Asia,Earthquake,1.0,True
2008,2000,United States,Americas,Earthquake,0.0,False
2009,2000,China,Asia,Earthquake,0.0,False
1995,1990,Chile,Americas,Earthquake,3.0,True
1945,1940,China,Asia,Earthquake,17.0,True
1970,1970,Peru,Americas,Earthquake,12.0,True
1989,1980,Soviet Union,Europe,Earthquake,274.0,True
2024,2020,Papua New Guinea,Oceania,Earthquake,5.0,True
2008,2000,China,Asia,Earthquake,8.0,True
1993,1990,Nepal,Asia,Earthquake,0.0,False
1994,1990,Uganda,Africa,Earthquake,7.0,True
2022,2020,Indonesia,Asia,Earthquake,0.0,False
1975,1970,China,Asia,Earthquake,2000.0,True
2002,2000,Pakistan,Asia,Extreme Temperature,0.0,False
2016,2010,United Republic Of Tanzania,Africa,Earthquake,17.0,True
2022,2020,Indonesia,Asia,Earthquake,0.0,False
2006,2000,China,Asia,Earthquake,0.0,False
2012,2010,Iran (Islamic Republic Of),Asia,Earthquake,0.0,False
1902,1900,China,Asia,Earthquake,2500.0,True
1987,1980,Japan,Asia,Earthquake,2.0,True
1906,1900,Chile,Americas,Earthquake,20000.0,True
1960,1960,United States,Americas,Earthquake,61.0,True
1985,1980,Indonesia,Asia,Earthquake,10.0,True
2007,2000,Japon,Asia,Earthquake,0.0,False
1994,1990,United States,Americas,Earthquake,60.0,True
1913,1910,Romania,Europe,Earthquake,0.0,False
2022,2020,Mongolia,Asia,Extreme Temperature,0.0,False
2019,2010,Philippines,Asia,Earthquake,7.0,True
2022,2020,Philippines,Asia,Earthquake,10.0,True
1943,1940,Japan,Asia,Earthquake,1400.0,True
2000,2000,Japon,Asia,Earthquake,1.0,True
1989,1980,Iran (Islamic Republic Of),Asia,Earthquake,100.0,True
1967,1960,Indonesia,Asia,Earthquake,71.0,True
1990,1990,Soviet Union,Europe,Earthquake,0.0,False
1990,1990,Fiji,Oceania,Earthquake,0.0,False
2013,2010,Belarus,Europe,Extreme Temperature,4.0,True
2003,2000,China,Asia,Earthquake,268.0,True
1988,1980,Greece,Europe,Earthquake,0.0,False
1997,1990,Poland,Europe,Extreme Temperature,50.0,True
1930,1930,Soviet Union,Europe,Earthquake,151.0,True
1998,1990,Italy,Europe,Earthquake,0.0,False
2011,2010,India,Asia,Extreme Temperature,132.0,True
2014,2010,China,Asia,Earthquake,0.0,False
1988,1980,Nepal,Asia,Earthquake,709.0,True
1952,1950,United States,Americas,Earthquake,12.0,True
1978,1970,Mexico,Americas,Earthquake,9.0,True
1986,1980,Papua New Guinea,Oceania,Earthquake,0.0,False
2016,2010,China,Asia,Extreme Temperature,5.0,True
2001,2000,China,Asia,Earthquake,2.0,True
2022,2020,Japon,Asia,Earthquake,3.0,True
2012,2010,Azerbaijan,Asia,Earthquake,0.0,False
1994,1990,Iran  (Islamic  Republic  Of),Asia,Earthquake,3.0,True
2024,2020,Philippines,Asia,Earthquake,0.0,False
1998,1990,Ecuador,Americas,Earthquake,3.0,True
2002,2000,Poland,Europe,Extreme Temperature,183.0,True
2017,2010,Morocco,Africa,Extreme Temperature,0.0,False
1927,1920,Peoples Republic Of China,Asia,Earthquake,40912.0,True
2010,2010,Iran (Islamic Republic Of),Asia,Earthquake,0.0,False
2002,2000,India,Asia,Extreme Temperature,900.0,True
1962,1960,Albania,Europe,Earthquake,15.0,True
2020,2020,Republic Of Korea,Asia,Flood,10.0,True
2012,2010,Iran (Islamic Republic Of),Asia,Earthquake,6.0,True
2017,2010,Indonesia,Asia,Earthquake,4.0,True
2025,2020,Tajikistan,Asia,Earthquake,1.0,True
1978,1970,Japan,Asia,Earthquake,25.0,True
2022,2020,Nepal,Asia,Earthquake,6.0,True
2021,2020,Indonesia,Asia,Earthquake,110.0,True
2002,2000,Greece,Europe,Earthquake,0.0,False
1979,1970,Indonesia,Asia,Earthquake,34.0,True
2022,2020,Iran (Islamic Republic Of),Asia,Earthquake,5.0,True
1994,1990,Philippines,Asia,Earthquake,0.0,False
2025,2020,Thailand,Asia,Earthquake,54.0,True
2013,2010,Iran (Islamic Republic Of),Asia,Earthquake,8.0,True
2010,2010,Serbia,Europe,Earthquake,2.0,True
1997,1990,Bengladesh,Asia,Earthquake,23.0,True
2023,2020,Afghanistan,Asia,Earthquake,1.0,True
1985,1980,Mexico,Americas,Earthquake,9500.0,True
2000,2000,Türkiye,Asia,Earthquake,1.0,True
1995,1990,Egypt,Africa,Earthquake,10.0,True
1999,1990,Iran (Islamic Republic Of),Asia,Earthquake,20.0,True
1942,1940,China,Asia,Earthquake,90.0,True
1996,1990,China,Asia,Earthquake,0.0,False
1983,1980,Costa Rica,Americas,Earthquake,10.0,True
1988,1980,Iran (Islamic Republic Of),Asia,Earthquake,0.0,False
1970,1970,Peru,Americas,Earthquake,66794.0,True
2001,2000,Pakistan,Asia,Earthquake,12.0,True
2022,2020,Chine,Asia,Earthquake,4.0,True
1994,1990,Vanuatu,Oceania,Earthquake,0.0,False
2003,2000,Croatia,Europe,Wildfire,0.0,False
2000,2000,Tajikistan,Asia,Earthquake,0.0,False
1965,1960,Chile,Americas,Earthquake,400.0,True
2013,2010,Chine,Asia,Earthquake,0.0,False
1983,1980,Belgium,Europe,Earthquake,2.0,True
2017,2010,Belarus,Europe,Extreme Temperature,43.0,True
2004,2000,Indonesia,Asia,Earthquake,33.0,True
1913,1910,China,Asia,Earthquake,942.0,True
1987,1980,United States,Americas,Earthquake,8.0,True
1988,1980,China,Asia,Earthquake,939.0,True
1999,1990,Iran (Islamic Republic Of),Asia,Earthquake,1.0,True
2023,2020,Canada,Americas,Extreme Temperature,2.0,True
2013,2010,Armenia,Asia,Extreme Temperature,0.0,False
1949,1940,Chile,Americas,Earthquake,6.0,True
1966,1960,Chile,Americas,Earthquake,4.0,True
2001,2000,Türkiye,Asia,Earthquake,0.0,False
1998,1990,Mexico,Americas,Extreme Temperature,100.0,True
1965,1960,Iran (Islamic Republic Of),Asia,Earthquake,20.0,True
2004,2000,Slovenia,Europe,Earthquake,1.0,True
1978,1970,Ethiopia,Africa,Flood,9.0,True
1936,1930,Indonesia,Asia,Earthquake,0.0,False
1917,1910,Guatemala,Americas,Earthquake,2650.0,True
1939,1930,Chile,Americas,Earthquake,30000.0,True
1990,1990,Pakistan,Asia,Earthquake,11.0,True
2009,2000,Mongolia,Asia,Extreme Temperature,5.0,True
2002,2000,Japan,Asia,Wildfire,0.0,False
1989,1980,China,Asia,Earthquake,0.0,False
1998,1990,China,Asia,Earthquake,0.0,False
1965,1960,Greece,Europe,Earthquake,32.0,True
1936,1930,Iran (Islamic Republic Of),Asia,Earthquake,12.0,True
2003,2000,Indonesia,Asia,Earthquake,1.0,True
2000,2000,Turkmenistan,Asia,Earthquake,11.0,True
2000,2000,Iceland,Europe,Earthquake,0.0,False
2002,2000,Rwanda,Africa,Earthquake,45.0,True
2017,2010,Italy,Europe,Earthquake,29.0,True
1972,1970,Peru,Americas,Earthquake,12.0,True
1935,1930,Pakistan,Asia,Earthquake,60000.0,True
1997,1990,Thailand,Asia,Flood,14.0,True
2009,2000,Albania,Europe,Earthquake,0.0,False
1968,1960,Türkiye,Asia,Earthquake,24.0,True
1923,1920,Japan,Asia,Earthquake,143000.0,True
1993,1990,Costa Rica,Americas,Earthquake,3.0,True
2017,2010,China,Asia,Earthquake,29.0,True
2000,2000,Papua New Guinea,Oceania,Earthquake,2.0,True
1940,1940,Türkiye,Asia,Earthquake,16.0,True
1998,1990,Slovenia,Europe,Earthquake,0.0,False
2011,2010,Indonesia,Asia,Earthquake,1.0,True
1935,1930,Iran (Islamic Republic Of),Asia,Earthquake,690.0,True
1987,1980,China,Asia,Earthquake,0.0,False
2006,2000,Russian Federation,Europe,Flood,0.0,False
1905,1900,Albania,Europe,Earthquake,120.0,True
1969,1960,Egypt,Africa,Earthquake,2.0,True
2005,2000,Japan,Asia,Earthquake,0.0,False
2014,2010,India,Asia,Extreme Temperature,24.0,True
1941,1940,China,Asia,Earthquake,132.0,True
1917,1910,Taiwan (Province Of China),Asia,Earthquake,54.0,True
1988,1980,Guatemala,Americas,Earthquake,5.0,True
1992,1990,Afghanistan,Asia,Earthquake,14.0,True
1944,1940,Türkiye,Asia,Earthquake,3959.0,True
2010,2010,Bolivia (Plurinational State Of),Americas,Extreme Temperature,4.0,True
1962,1960,Iran (Islamic Republic Of),Asia,Earthquake,12000.0,True
2004,2000,China,Asia,Earthquake,4.0,True
2021,2020,Japan,Asia,Earthquake,0.0,False
2022,2020,Iran (Islamic Republic Of),Asia,Earthquake,0.0,False
2012,2010,Iran (Islamic Republic Of),Asia,Earthquake,306.0,True
2002,2000,Mexico,Americas,Extreme Temperature,50.0,True
2004,2000,Kenya,Africa,Earthquake,1.0,True
2006,2000,China,Asia,Earthquake,1.0,True
1998,1990,Iran (Islamic Republic Of),Asia,Earthquake,5.0,True
1970,1970,Ecuador,Americas,Earthquake,29.0,True
2000,2000,Greece,Europe,Earthquake,0.0,False
1999,1990,Russian Federation,Europe,Earthquake,0.0,False
1976,1970,Philippines,Asia,Earthquake,6000.0,True
1930,1930,Taiwan (Province Of China),Asia,Earthquake,4.0,True
2010,2010,Indonesia,Asia,Earthquake,17.0,True
2015,2010,India,Asia,Earthquake,0.0,False
1997,1990,Chile,Americas,Earthquake,8.0,True
2003,2000,Dominican Republic,Americas,Earthquake,3.0,True
2015,2010,Chile,Americas,Earthquake,19.0,True
2010,2010,Romania,Europe,Extreme Temperature,52.0,True
2015,2010,Malaysia,Asia,Earthquake,24.0,True
2008,2000,Kyrgyzstan,Asia,Earthquake,74.0,True
1991,1990,Costa Rica,Americas,Earthquake,0.0,False
1998,1990,Indonesia,Asia,Earthquake,1.0,True
1984,1980,Afghanistan,Asia,Earthquake,1.0,True
2003,2000,Japan,Asia,Earthquake,0.0,False
1995,1990,Indonesia,Asia,Earthquake,15.0,True
2014,2010,Inde,Asia,Extreme Temperature,16.0,True
1920,1920,Mexico,Americas,Earthquake,648.0,True
2004,2000,Afghanistan,Asia,Earthquake,2.0,True
2019,2010,Ecuador,Americas,Earthquake,0.0,False
1986,1980,China,Asia,Earthquake,0.0,False
2014,2010,Iran (Islamic Republic Of),Asia,Earthquake,1.0,True
2004,2000,Tajikistan,Asia,Earthquake,0.0,False
2007,2000,Bangladesh,Asia,Extreme Temperature,130.0,True
1976,1970,Türkiye,Asia,Earthquake,4.0,True
2022,2020,Türkiye,Asia,Earthquake,2.0,True
2016,2010,Myanmar,Asia,Earthquake,4.0,True
1973,1970,China,Asia,Earthquake,0.0,False
2022,2020,Afghanistan,Asia,Earthquake,28.0,True
2005,2000,Türkiye,Asia,Earthquake,0.0,False
1995,1990,Greece,Europe,Earthquake,26.0,True
1998,1990,Bolivia (Plurinational State Of),Americas,Earthquake,95.0,True
1986,1980,Venezuela (Bolivarian Republic Of),Americas,Earthquake,1.0,True
2018,2010,Iran (Islamic Republic Of),Asia,Earthquake,0.0,False
1993,1990,Peru,Americas,Earthquake,6.0,True
2005,2000,Iran (Islamic Republic Of),Asia,Earthquake,13.0,True
2001,2000,Türkiye,Asia,Earthquake,0.0,False
1987,1980,China,Asia,Earthquake,0.0,False
2016,2010,China,Asia,Earthquake,0.0,False
1964,1960,Japan,Asia,Earthquake,25.0,True
2002,2000,Afghanistan,Asia,Earthquake,1000.0,True
1998,1990,Bangladesh,Asia,Extreme Temperature,120.0,True
2015,2010,India,Asia,Earthquake,20.0,True
1903,1900,Türkiye,Asia,Earthquake,3560.0,True
2003,2000,Indonesia,Asia,Earthquake,0.0,False
1978,1970,Germany Federal Republic,Europe,Earthquake,0.0,False
2012,2010,Afghanistan,Asia,Earthquake,75.0,True
1998,1990,Afghanistan,Asia,Earthquake,2323.0,True
1993,1990,Japon,Asia,Earthquake,2.0,True
1989,1980,Indonesia,Asia,Earthquake,0.0,False
1998,1990,Iran (Islamic Republic Of),Asia,Earthquake,12.0,True
2022,2020,Philippines,Asia,Storm,0.0,False
1997,1990,Mexico,Americas,Earthquake,0.0,False
2003,2000,Algeria,Africa,Earthquake,2266.0,True
1990,1990,U.S.A.,Americas,Earthquake,0.0,False
2007,2000,Indonesia,Asia,Earthquake,67.0,True
2001,2000,Peru,Americas,Earthquake,145.0,True
2003,2000,Peru,Americas,Extreme Temperature,339.0,True
2022,2020,Chine,Asia,Earthquake,0.0,False
2021,2020,Japan,Asia,Earthquake,1.0,True
1939,1930,Japan,Asia,Earthquake,27.0,True
1902,1900,Guatemala,Americas,Earthquake,2000.0,True
2006,2000,Ukraine,Europe,Extreme Temperature,801.0,True
1950,1950,Indonesia,Asia,Earthquake,16.0,True
1979,1970,Colombia,Americas,Earthquake,60.0,True
2001,2000,Indonesia,Asia,Earthquake,0.0,False
1969,1960,Indonesia,Asia,Earthquake,64.0,True
2003,2000,China,Asia,Earthquake,4.0,True
1976,1970,Italy,Europe,Earthquake,922.0,True
2011,2010,Chile,Americas,Wildfire,0.0,False
2017,2010,Kyrgyzstan,Asia,Earthquake,0.0,False
1981,1980,Mexico,Americas,Earthquake,3.0,True
1985,1980,China,Asia,Earthquake,22.0,True
1990,1990,Iran (Islamic Republic Of),Asia,Earthquake,40000.0,True
1969,1960,Yugoslavia,Europe,Earthquake,15.0,True
1980,1980,Iran (Islamic Republic Of),Asia,Earthquake,4.0,True
1983,1980,Peru,Americas,Earthquake,10.0,True
1993,1990,Iran (Islamic Republic Of),Asia,Earthquake,24.0,True
2006,2000,Afghanistan,Asia,Earthquake,1.0,True
1931,1930,New Zealand,Oceania,Earthquake,256.0,True
2013,2010,Hungary,Europe,Earthquake,0.0,False
1973,1970,United States,Americas,Earthquake,0.0,False
1990,1990,Soviet Union,Europe,Earthquake,0.0,False
2003,2000,Germany,Europe,Extreme Temperature,9355.0,True
1983,1980,Papua New Guinea,Oceania,Earthquake,10.0,True
1952,1950,United States,Americas,Earthquake,2.0,True
1985,1980,Soviet Union,Europe,Earthquake,29.0,True
2018,2010,Indonesia,Asia,Earthquake,4140.0,True
1967,1960,France,Europe,Earthquake,1.0,True
1980,1980,Yugoslavia,Europe,Earthquake,0.0,False
1967,1960,India,Asia,Earthquake,177.0,True
1991,1990,Peru,Americas,Earthquake,11.0,True
1999,1990,Mexico,Americas,Earthquake,31.0,True
2012,2010,Peru,Americas,Earthquake,0.0,False
2019,2010,Philippines,Asia,Earthquake,10.0,True
2016,2010,Taiwan (Province Of China),Asia,Extreme Temperature,85.0,True
1917,1910,China,Asia,Earthquake,1800.0,True
2021,2020,Tajikistan,Asia,Earthquake,5.0,True
1940,1940,China,Asia,Earthquake,0.0,False
2017,2010,Phillipines,Asia,Earthquake,0.0,False
2004,2000,Costa Rica,Americas,Earthquake,8.0,True
2018,2010,Iran (Islamic Republic Of),Asia,Earthquake,0.0,False
2013,2010,Pakistan,Asia,Earthquake,41.0,True
2000,2000,Nicaragua,Americas,Earthquake,7.0,True
1968,1960,Yugoslavia,Europe,Earthquake,1.0,True
2006,2000,Russian Federation,Europe,Earthquake,0.0,False
1993,1990,Guam,Oceania,Earthquake,0.0,False
2006,2000,China,Asia,Earthquake,0.0,False
2002,2000,Italy,Europe,Earthquake,30.0,True
1998,1990,China,Asia,Earthquake,0.0,False
1915,1910,United States,Americas,Earthquake,6.0,True
1989,1980,China,Asia,Earthquake,29.0,True
2021,2020,Indonesia,Asia,Earthquake,0.0,False
1987,1980,United States,Americas,Earthquake,0.0,False
1997,1990,China,Asia,Earthquake,9.0,True
2000,2000,Bangladesh,Asia,Extreme Temperature,49.0,True
2021,2020,Bhutan,Asia,Earthquake,0.0,False
1930,1930,Japan,Asia,Earthquake,259.0,True
1987,1980,New Zealand,Oceania,Earthquake,1.0,True
2007,2000,Japan,Asia,Earthquake,1.0,True
1979,1970,Indonesia,Asia,Earthquake,2.0,True
1992,1990,Türkiye,Asia,Earthquake,653.0,True
2007,2000,Martinique,Americas,Earthquake,1.0,True
1937,1930,Philippines,Asia,Earthquake,1.0,True
1998,1990,Senegal,Africa,Flood,0.0,False
2016,2010,Indonesia,Asia,Earthquake,104.0,True
2001,2000,Iran (Islamic Republic Of),Asia,Earthquake,0.0,False
2009,2000,Japan,Asia,Earthquake,1.0,True
2006,2000,Germany,Europe,Extreme Temperature,10.0,True
1998,1990,China,Asia,Earthquake,0.0,False
2013,2010,Pakistan,Asia,Earthquake,22.0,True
1920,1920,China,Asia,Earthquake,180000.0,True
2016,2010,Republic Of Korea,Asia,Extreme Temperature,6.0,True
1932,1930,Iran (Islamic Republic Of),Asia,Earthquake,1070.0,True
2011,2010,Türkiye,Asia,Earthquake,3.0,True
2011,2010,India,Asia,Earthquake,112.0,True
2001,2000,North Macedonia,Europe,Extreme Temperature,15.0,True
1993,1990,Japan,Asia,Earthquake,239.0,True
1960,1960,Anguilla,Americas,Storm,5.0,True
1944,1940,Argentina,Americas,Earthquake,10000.0,True
1980,1980,Iran (Islamic Republic Of),Asia,Earthquake,26000.0,True
2005,2000,Türkiye,Asia,Earthquake,0.0,False
1989,1980,Indonesia,Asia,Earthquake,0.0,False
1949,1940,Soviet Union,Europe,Earthquake,3500.0,True
2005,2000,Switzerland,Europe,Extreme Temperature,0.0,False
1912,1910,Türkiye,Asia,Earthquake,923.0,True
2002,2000,Taiwan (Province Of China),Asia,Earthquake,4.0,True
1997,1990,Peru,Americas,Wildfire,0.0,False
2009,2000,China,Asia,Earthquake,1.0,True
1925,1920,Iran (Islamic Republic Of),Asia,Earthquake,500.0,True
1956,1950,Greece,Europe,Earthquake,53.0,True
2006,2000,Mozambique,Africa,Earthquake,4.0,True
1990,1990,Uganda,Africa,Earthquake,0.0,False
1999,1990,Russian Federation,Europe,Extreme Temperature,0.0,False
1976,1970,Afghanistan,Asia,Earthquake,50.0,True
1985,1980,Papua New Guinea,Oceania,Earthquake,0.0,False
2013,2010,Taiwan (Province Of China),Asia,Earthquake,4.0,True
1994,1990,Iran (Islamic Republic Of),Asia,Earthquake,2.0,True
1977,1970,Iran (Islamic Republic Of),Asia,Earthquake,167.0,True
2022,2020,Pakistan,Asia,Earthquake,43.0,True
1990,1990,Italy,Europe,Earthquake,19.0,True
2014,2010,China,Asia,Earthquake,5.0,True
1996,1990,Indonesia,Asia,Earthquake,9.0,True
1986,1980,Soviet Union,Europe,Earthquake,1.0,True
1986,1980,El Salvador,Americas,Earthquake,1100.0,True
2006,2000,Romania,Europe,Extreme Temperature,68.0,True
2024,2020,China,Asia,Earthquake,6.0,True
2000,2000,Philippines,Asia,Flood,0.0,False
1930,1930,China,Asia,Earthquake,200.0,True
1950,1950,India,Asia,Earthquake,1500.0,True
2021,2020,Iran (Islamic Republic Of),Asia,Earthquake,2.0,True
1931,1930,Albania,Europe,Earthquake,90.0,True
1980,1980,Italy,Europe,Earthquake,4689.0,True
2007,2000,Argentina,Americas,Extreme Temperature,9.0,True
1998,1990,Indonesia,Asia,Earthquake,33.0,True
1990,1990,South Africa,Africa,Earthquake,10.0,True
1936,1930,China,Asia,Earthquake,30.0,True
2016,2010,Bangladesh,Asia,Earthquake,5.0,True
1978,1970,Iran (Islamic Republic Of),Asia,Earthquake,25000.0,True
2018,2010,Papua New Guinea,Oceania,Earthquake,25.0,True
1984,1980,India,Asia,Extreme Temperature,290.0,True
1963,1960,Libya,Africa,Earthquake,300.0,True
2004,2000,Indonésie,Asia,Earthquake,165708.0,True
1992,1990,Nicaragua,Americas,Earthquake,179.0,True
2000,2000,Russian Federation,Europe,Earthquake,0.0,False
1995,1990,Indonesia,Asia,Flood,27.0,True
2018,2010,China,Asia,Earthquake,0.0,False
1976,1970,Iceland,Europe,Earthquake,1.0,True
1918,1910,Puerto Rico,Americas,Earthquake,116.0,True
1977,1970,Argentina,Americas,Earthquake,70.0,True
2008,2000,Indonesia,Asia,Earthquake,2.0,True
1948,1940,China,Asia,Earthquake,110.0,True
1982,1980,Guatemala,Americas,Flood,620.0,True
2012,2010,Azerbaijan,Asia,Extreme Temperature,5.0,True
2013,2010,Indonesia,Asia,Earthquake,48.0,True
2004,2000,Russian Federation,Europe,Earthquake,0.0,False
2023,2020,Nepal,Asia,Earthquake,154.0,True
2002,2000,Papua New Guinea,Oceania,Earthquake,1.0,True
1995,1990,Thailand,Asia,Earthquake,0.0,False
1967,1960,Türkiye,Asia,Earthquake,97.0,True
1986,1980,Peru,Americas,Earthquake,15.0,True
1970,1970,China,Asia,Earthquake,10000.0,True
1996,1990,Croatia,Europe,Earthquake,0.0,False
2004,2000,Malaysia,Asia,Earthquake,80.0,True
2014,2010,Greece,Europe,Earthquake,3.0,True
1984,1980,Pakistan,Asia,Earthquake,4.0,True
1986,1980,Bulgaria,Europe,Earthquake,3.0,True
2016,2010,India,Asia,Earthquake,8.0,True
1957,1950,Iran (Islamic Republic Of),Asia,Flood,122.0,True
2014,2010,China,Asia,Earthquake,0.0,False
2010,2010,Us,Americas,Earthquake,0.0,False
2023,2020,Afghanistan,Asia,Earthquake,2445.0,True
1999,1990,China,Asia,Earthquake,0.0,False
2018,2010,India,Asia,Extreme Temperature,44.0,True
2001,2000,Hungary,Europe,Extreme Temperature,81.0,True
1979,1970,Albania,Europe,Earthquake,35.0,True
2002,2000,Iran (Islamic Republic Of),Asia,Earthquake,0.0,False
2004,2000,Thailand,Asia,Earthquake,8345.0,True
1998,1990,China,Asia,Earthquake,3.0,True
2001,2000,United States,Americas,Earthquake,1.0,True
2002,2000,Afghanistan,Asia,Earthquake,150.0,True
1986,1980,Türkiye,Asia,Earthquake,0.0,False
2003,2000,Algeria,Africa,Earthquake,9.0,True
2000,2000,China,Asia,Earthquake,1.0,True
2006,2000,Iran (Islamic Republic Of),Asia,Earthquake,0.0,False
2016,2010,Solomon Islands,Oceania,Earthquake,0.0,False
2017,2010,China,Asia,Earthquake,8.0,True
2003,2000,Iran (Islamic Republic Of),Asia,Earthquake,1.0,True
1995,1990,Mexico,Americas,Earthquake,0.0,False
2021,2020,Peru,Americas,Earthquake,0.0,False
2014,2010,Romania,Europe,Extreme Temperature,13.0,True
2018,2010,Morocco,Africa,Extreme Temperature,0.0,False
1998,1990,Türkiye,Asia,Earthquake,145.0,True
2020,2020,Türkiye,Asia,Earthquake,41.0,True
1907,1900,Jamaica,Americas,Earthquake,1200.0,True
2009,2000,Poland,Europe,Extreme Temperature,298.0,True
2020,2020,Iran (Islamic Republic Of),Asia,Earthquake,0.0,False
2000,2000,United States,Americas,Earthquake,0.0,False
1990,1990,United Kingdom Of Great Britain And Northern Ireland,Europe,Earthquake,0.0,False
1992,1990,United States,Americas,Earthquake,0.0,False
1940,1940,China,Asia,Earthquake,181.0,True
2016,2010,Tajikistan,Asia,Earthquake,0.0,False
1990,1990,Vanuatu,Oceania,Earthquake,0.0,False
2008,2000,Colombia,Americas,Earthquake,11.0,True
1968,1960,Iran (Islamic Republic Of),Asia,Earthquake,10000.0,True
2015,2010,Nepal,Asia,Earthquake,8831.0,True
2009,2000,Indonesia,Asia,Earthquake,5.0,True
1958,1950,Peru,Americas,Earthquake,28.0,True
1946,1940,Türkiye,Asia,Earthquake,12.0,True
1975,1970,India,Asia,Earthquake,47.0,True
1968,1960,Greece,Europe,Earthquake,19.0,True
2003,2000,China,Asia,Earthquake,9.0,True
1981,1980,Peru,Americas,Earthquake,10.0,True
2018,2010,Indonesia,Asia,Earthquake,564.0,True
1984,1980,Italy,Europe,Earthquake,3.0,True
2015,2010,Indonesia,Asia,Earthquake,0.0,False
1980,1980,Greece,Europe,Earthquake,1.0,True
1959,1950,United States,Americas,Earthquake,28.0,True
1981,1980,Indonésie,Asia,Earthquake,306.0,True
2009,2000,Germany,Europe,Extreme Temperature,14.0,True
2022,2020,China,Asia,Earthquake,118.0,True
1965,1960,Algeria,Africa,Earthquake,2.0,True
1997,1990,Pakistan,Asia,Earthquake,50.0,True
1999,1990,Mexico,Americas,Earthquake,0.0,False
1990,1990,Iran (Islamic Republic Of),Asia,Earthquake,21.0,True
1959,1950,Taiwan (Province Of China),Asia,Earthquake,16.0,True
2002,2000,Indonesia,Asia,Flood,0.0,False
1984,1980,Italy,Europe,Earthquake,3.0,True
1923,1920,Iran (Islamic Republic Of),Asia,Earthquake,157.0,True
2012,2010,Chine,Asia,Earthquake,0.0,False
2008,2000,China,Asia,Earthquake,4.0,True
2008,2000,Japan,Asia,Earthquake,23.0,True
2021,2020,India,Asia,Earthquake,2.0,True
2018,2010,Japan,Asia,Earthquake,41.0,True
2013,2010,Guatemala,Americas,Earthquake,1.0,True
2004,2000,Guadeloupe,Americas,Earthquake,1.0,True
1989,1980,China,Asia,Earthquake,4.0,True
1999,1990,Mexico,Americas,Extreme Temperature,15.0,True
1974,1970,Peru,Americas,Earthquake,10.0,True
1973,1970,United States,Americas,Earthquake,0.0,False
1977,1970,Solomon Islands,Oceania,Earthquake,34.0,True
2010,2010,Iran (Islamic Republic Of),Asia,Earthquake,3.0,True
1991,1990,Soviet Union,Europe,Earthquake,3.0,True
2016,2010,New Zealand,Oceania,Earthquake,2.0,True
2006,2000,Algeria,Africa,Earthquake,4.0,True
1998,1990,Azores Islands,Europe,Earthquake,10.0,True
2012,2010,China,Asia,Earthquake,1.0,True
1946,1940,Soviet Union,Europe,Earthquake,400.0,True
2017,2010,Peoples Republic Of China,Asia,Earthquake,0.0,False
2014,2010,South Africa,Africa,Earthquake,1.0,True
1939,1930,Türkiye,Asia,Earthquake,60.0,True
2012,2010,Bosnia And Herzegovina,Europe,Extreme Temperature,4.0,True
2003,2000,Italy,Europe,Earthquake,0.0,False
2014,2010,Thailand,Asia,Earthquake,1.0,True
1964,1960,Taiwan (Province Of China),Asia,Earthquake,107.0,True
2024,2020,Türkiye,Asia,Earthquake,0.0,False
2007,2000,Chile,Americas,Earthquake,10.0,True
1923,1920,Iran (Islamic Republic Of),Asia,Earthquake,2200.0,True
1973,1970,Philipines,Asia,Earthquake,14.0,True
2002,2000,Pakistan,Asia,Earthquake,17.0,True
1995,1990,Colombia,Americas,Earthquake,7.0,True
